	Row.names	Pielou	description	Year	Quarter	Season	Location_Code	Water.Treatment	Nitrogen	seqrun	Microbe	contents	Ecosystem	Block	YW	YN
1	14LRNDecember201616S	0.911404338938185	14LRNDecember201616S	2016	Q4	Winter	14LRN	Drought	Added	Sarai	Bacteria	Litter	Grass	Block_6	2016-Drought	2016-Added
2	14LRNJune201716S	0.635189561358351	14LRNJune201716S	2017	Q2	Summer	14LRN	Drought	Added	Sarai	Bacteria	Litter	Grass	Block_6	2017-Drought	2017-Added
3	14LRNMarch201716S	0.828005889812948	14LRNMarch201716S	2017	Q1	Spring	14LRN	Drought	Added	Sarai	Bacteria	Litter	Grass	Block_6	2017-Drought	2017-Added
4	14LRNMarch201816S	0.873250841650038	14LRNMarch201816S	2018	Q1	Spring	14LRN	Drought	Added	Sarai	Bacteria	Litter	Grass	Block_6	2018-Drought	2018-Added
5	14RRXAugust201616S	0.934441350583192	14RRXAugust201616S	2016	Q3	Fall	14RRX	Drought	Ambient	Sarai	Bacteria	Litter	Grass	Block_6	2016-Drought	2016-Ambient
6	14RRXDecember201616S	0.905110236200413	14RRXDecember201616S	2016	Q4	Winter	14RRX	Drought	Ambient	Sarai	Bacteria	Litter	Grass	Block_6	2016-Drought	2016-Ambient
7	14RRXDecember201716S	0.925519433738842	14RRXDecember201716S	2017	Q4	Winter	14RRX	Drought	Ambient	Sarai	Bacteria	Litter	Grass	Block_6	2017-Drought	2017-Ambient
8	14RRXJune201716S	0.895626559915776	14RRXJune201716S	2017	Q2	Summer	14RRX	Drought	Ambient	Sarai	Bacteria	Litter	Grass	Block_6	2017-Drought	2017-Ambient
9	14RRXMarch201716S	0.910054101196395	14RRXMarch201716S	2017	Q1	Spring	14RRX	Drought	Ambient	Sarai	Bacteria	Litter	Grass	Block_6	2017-Drought	2017-Ambient
10	14RRXMarch201816S	0.924810973234524	14RRXMarch201816S	2018	Q1	Spring	14RRX	Drought	Ambient	Sarai	Bacteria	Litter	Grass	Block_6	2018-Drought	2018-Ambient
11	14RRXSeptember201716S	0.883686649981451	14RRXSeptember201716S	2017	Q3	Fall	14RRX	Drought	Ambient	Sarai	Bacteria	Litter	Grass	Block_6	2017-Drought	2017-Ambient
12	18LXNAugust201616S	0.91244663973562	18LXNAugust201616S	2016	Q3	Fall	18LXN	Ambient	Added	Sarai	Bacteria	Litter	Grass	Block_6	2016-Ambient	2016-Added
13	18LXNDecember201616S	0.850378596766313	18LXNDecember201616S	2016	Q4	Winter	18LXN	Ambient	Added	Sarai	Bacteria	Litter	Grass	Block_6	2016-Ambient	2016-Added
14	18LXNDecember201716S	0.927804027558777	18LXNDecember201716S	2017	Q4	Winter	18LXN	Ambient	Added	Sarai	Bacteria	Litter	Grass	Block_6	2017-Ambient	2017-Added
15	18LXNJune201716S	0.927997677191418	18LXNJune201716S	2017	Q2	Summer	18LXN	Ambient	Added	Sarai	Bacteria	Litter	Grass	Block_6	2017-Ambient	2017-Added
16	18LXNMarch201716S	0.915621004874968	18LXNMarch201716S	2017	Q1	Spring	18LXN	Ambient	Added	Sarai	Bacteria	Litter	Grass	Block_6	2017-Ambient	2017-Added
17	18LXNMarch201816S	0.91068113871374	18LXNMarch201816S	2018	Q1	Spring	18LXN	Ambient	Added	Sarai	Bacteria	Litter	Grass	Block_6	2018-Ambient	2018-Added
18	18LXNSeptember201716S	0.926994368326941	18LXNSeptember201716S	2017	Q3	Fall	18LXN	Ambient	Added	Sarai	Bacteria	Litter	Grass	Block_6	2017-Ambient	2017-Added
19	18RXXAugust201616S	0.942504125254756	18RXXAugust201616S	2016	Q3	Fall	18RXX	Ambient	Ambient	Sarai	Bacteria	Litter	Grass	Block_6	2016-Ambient	2016-Ambient
20	18RXXDecember201716S	0.895781165088221	18RXXDecember201716S	2017	Q4	Winter	18RXX	Ambient	Ambient	Sarai	Bacteria	Litter	Grass	Block_6	2017-Ambient	2017-Ambient
21	18RXXJune201716S	0.915484299635014	18RXXJune201716S	2017	Q2	Summer	18RXX	Ambient	Ambient	Sarai	Bacteria	Litter	Grass	Block_6	2017-Ambient	2017-Ambient
22	18RXXMarch201716S	0.927297252040507	18RXXMarch201716S	2017	Q1	Spring	18RXX	Ambient	Ambient	Sarai	Bacteria	Litter	Grass	Block_6	2017-Ambient	2017-Ambient
23	18RXXMarch201816S	0.9215374857504	18RXXMarch201816S	2018	Q1	Spring	18RXX	Ambient	Ambient	Sarai	Bacteria	Litter	Grass	Block_6	2018-Ambient	2018-Ambient
24	18RXXSeptember201716S	0.878668679087332	18RXXSeptember201716S	2017	Q3	Fall	18RXX	Ambient	Ambient	Sarai	Bacteria	Litter	Grass	Block_6	2017-Ambient	2017-Ambient
25	2012Q204LXX	0.681769969587428	2012-Q2-04LXX	2012	Q2	Summer	04LXX	Ambient	Ambient	Plate134	Bacteria	Litter	Grass	Block_2	2012-Ambient	2012-Ambient
26	2012Q204RXN	0.866245545563612	2012-Q2-04RXN	2012	Q2	Summer	04RXN	Ambient	Added	Plate134	Bacteria	Litter	Grass	Block_2	2012-Ambient	2012-Added
27	2012Q205LRN	0.85124293595571	2012-Q2-05LRN	2012	Q2	Summer	05LRN	Drought	Added	Plate134	Bacteria	Litter	Grass	Block_2	2012-Drought	2012-Added
28	2012Q207RRN	0.87581193564195	2012-Q2-07RRN	2012	Q2	Summer	07RRN	Drought	Added	Plate134	Bacteria	Litter	Grass	Block_3	2012-Drought	2012-Added
29	2012Q208RXN	0.860867663017647	2012-Q2-08RXN	2012	Q2	Summer	08RXN	Ambient	Added	Plate134	Bacteria	Litter	Grass	Block_3	2012-Ambient	2012-Added
30	2012Q214LRN	0.839791253141074	2012-Q2-14LRN	2012	Q2	Summer	14LRN	Drought	Added	Plate134	Bacteria	Litter	Grass	Block_6	2012-Drought	2012-Added
31	2012Q214RRX	0.924162727925686	2012-Q2-14RRX	2012	Q2	Summer	14RRX	Drought	Ambient	Plate134	Bacteria	Litter	Grass	Block_6	2012-Drought	2012-Ambient
32	2012Q218LXN	0.877681594040744	2012-Q2-18LXN	2012	Q2	Summer	18LXN	Ambient	Added	Plate134	Bacteria	Litter	Grass	Block_6	2012-Ambient	2012-Added
33	2012Q218RXX	0.878969748632687	2012-Q2-18RXX	2012	Q2	Summer	18RXX	Ambient	Ambient	Plate134	Bacteria	Litter	Grass	Block_6	2012-Ambient	2012-Ambient
34	2012Q222LXX	0.93098324974978	2012-Q2-22LXX	2012	Q2	Summer	22LXX	Ambient	Ambient	Plate134	Bacteria	Litter	Grass	Block_8	2012-Ambient	2012-Ambient
35	2012Q222RXN	0.877619559681547	2012-Q2-22RXN	2012	Q2	Summer	22RXN	Ambient	Added	Plate134	Bacteria	Litter	Grass	Block_8	2012-Ambient	2012-Added
36	2014Q404RXN	0.865364669732275	2014-Q4-04RXN	2014	Q4	Winter	04RXN	Ambient	Added	Plate134	Bacteria	Litter	Grass	Block_2	2014-Ambient	2014-Added
37	2014Q405RRX	0.871494703805638	2014-Q4-05RRX	2014	Q4	Winter	05RRX	Drought	Ambient	Plate134	Bacteria	Litter	Grass	Block_2	2014-Drought	2014-Ambient
38	2014Q408RXN	0.821753787673498	2014-Q4-08RXN	2014	Q4	Winter	08RXN	Ambient	Added	Plate134	Bacteria	Litter	Grass	Block_3	2014-Ambient	2014-Added
39	2014Q414RRX	0.888120383951733	2014-Q4-14RRX	2014	Q4	Winter	14RRX	Drought	Ambient	Plate134	Bacteria	Litter	Grass	Block_6	2014-Drought	2014-Ambient
40	2014Q418RXX	0.920962546597481	2014-Q4-18RXX	2014	Q4	Winter	18RXX	Ambient	Ambient	Plate134	Bacteria	Litter	Grass	Block_6	2014-Ambient	2014-Ambient
41	2014Q420LRX	0.899422129015563	2014-Q4-20LRX	2014	Q4	Winter	20LRX	Drought	Ambient	Plate134	Bacteria	Litter	Grass	Block_8	2014-Drought	2014-Ambient
42	2014Q422RXN	0.821834906902847	2014-Q4-22RXN	2014	Q4	Winter	22RXN	Ambient	Added	Plate134	Bacteria	Litter	Grass	Block_8	2014-Ambient	2014-Added
43	2015Q104LXX	0.885305397560796	2015-Q1-04LXX	2015	Q1	Spring	04LXX	Ambient	Ambient	Plate134	Bacteria	Litter	Grass	Block_2	2015-Ambient	2015-Ambient
44	2015Q108LXX	0.903645565524479	2015-Q1-08LXX	2015	Q1	Spring	08LXX	Ambient	Ambient	Plate134	Bacteria	Litter	Grass	Block_3	2015-Ambient	2015-Ambient
45	2015Q118RXX	0.929982008506014	2015-Q1-18RXX	2015	Q1	Spring	18RXX	Ambient	Ambient	Plate134	Bacteria	Litter	Grass	Block_6	2015-Ambient	2015-Ambient
46	2015Q120LRX	0.896842922038575	2015-Q1-20LRX	2015	Q1	Spring	20LRX	Drought	Ambient	Plate134	Bacteria	Litter	Grass	Block_8	2015-Drought	2015-Ambient
47	2015Q122LXX	0.907707284841797	2015-Q1-22LXX	2015	Q1	Spring	22LXX	Ambient	Ambient	Plate134	Bacteria	Litter	Grass	Block_8	2015-Ambient	2015-Ambient
48	2015Q122RXN	0.886455411144203	2015-Q1-22RXN	2015	Q1	Spring	22RXN	Ambient	Added	Plate134	Bacteria	Litter	Grass	Block_8	2015-Ambient	2015-Added
49	2015Q204LXX	0.904775950125659	2015-Q2-04LXX	2015	Q2	Summer	04LXX	Ambient	Ambient	Plate134	Bacteria	Litter	Grass	Block_2	2015-Ambient	2015-Ambient
50	2015Q204RXN	0.852569462252349	2015-Q2-04RXN	2015	Q2	Summer	04RXN	Ambient	Added	Plate134	Bacteria	Litter	Grass	Block_2	2015-Ambient	2015-Added
51	2015Q205RRX	0.872406339628991	2015-Q2-05RRX	2015	Q2	Summer	05RRX	Drought	Ambient	Plate134	Bacteria	Litter	Grass	Block_2	2015-Drought	2015-Ambient
52	2015Q208LXX	0.855416596717077	2015-Q2-08LXX	2015	Q2	Summer	08LXX	Ambient	Ambient	Plate134	Bacteria	Litter	Grass	Block_3	2015-Ambient	2015-Ambient
53	2015Q208RXN	0.780718538811583	2015-Q2-08RXN	2015	Q2	Summer	08RXN	Ambient	Added	Plate134	Bacteria	Litter	Grass	Block_3	2015-Ambient	2015-Added
54	2015Q222LXX	0.875729236633405	2015-Q2-22LXX	2015	Q2	Summer	22LXX	Ambient	Ambient	Plate134	Bacteria	Litter	Grass	Block_8	2015-Ambient	2015-Ambient
55	2015Q222RXN	0.806428004298632	2015-Q2-22RXN	2015	Q2	Summer	22RXN	Ambient	Added	Plate134	Bacteria	Litter	Grass	Block_8	2015-Ambient	2015-Added
56	2015Q404LXX	0.925521496410117	2015-Q4-04LXX	2015	Q4	Winter	04LXX	Ambient	Ambient	Plate134	Bacteria	Litter	Grass	Block_2	2015-Ambient	2015-Ambient
57	2015Q405RRX	0.907895809784966	2015-Q4-05RRX	2015	Q4	Winter	05RRX	Drought	Ambient	Plate134	Bacteria	Litter	Grass	Block_2	2015-Drought	2015-Ambient
58	2015Q407LRX	0.867366279668722	2015-Q4-07LRX	2015	Q4	Winter	07LRX	Drought	Ambient	Plate134	Bacteria	Litter	Grass	Block_3	2015-Drought	2015-Ambient
59	2015Q408LXX	0.859438928113131	2015-Q4-08LXX	2015	Q4	Winter	08LXX	Ambient	Ambient	Plate134	Bacteria	Litter	Grass	Block_3	2015-Ambient	2015-Ambient
60	2015Q408RXN	0.847619051402545	2015-Q4-08RXN	2015	Q4	Winter	08RXN	Ambient	Added	Plate134	Bacteria	Litter	Grass	Block_3	2015-Ambient	2015-Added
61	2015Q422RXN	0.885585693682987	2015-Q4-22RXN	2015	Q4	Winter	22RXN	Ambient	Added	Plate134	Bacteria	Litter	Grass	Block_8	2015-Ambient	2015-Added
62	2018Q204LXX	0.78526663129092	2018-Q2-04LXX	2018	Q2	Summer	04LXX	Ambient	Ambient	Plate134	Bacteria	Litter	Grass	Block_2	2018-Ambient	2018-Ambient
63	2018Q204RXN	0.809544939119914	2018-Q2-04RXN	2018	Q2	Summer	04RXN	Ambient	Added	Plate134	Bacteria	Litter	Grass	Block_2	2018-Ambient	2018-Added
64	2018Q205LRN	0.845791064650847	2018-Q2-05LRN	2018	Q2	Summer	05LRN	Drought	Added	Plate134	Bacteria	Litter	Grass	Block_2	2018-Drought	2018-Added
65	2018Q207RRN	0.859695714030081	2018-Q2-07RRN	2018	Q2	Summer	07RRN	Drought	Added	Plate134	Bacteria	Litter	Grass	Block_3	2018-Drought	2018-Added
66	2018Q208LXX	0.858516434790263	2018-Q2-08LXX	2018	Q2	Summer	08LXX	Ambient	Ambient	Plate134	Bacteria	Litter	Grass	Block_3	2018-Ambient	2018-Ambient
67	2018Q208RXN	0.862531265938863	2018-Q2-08RXN	2018	Q2	Summer	08RXN	Ambient	Added	Plate134	Bacteria	Litter	Grass	Block_3	2018-Ambient	2018-Added
68	2018Q214LRN	0.854495940997159	2018-Q2-14LRN	2018	Q2	Summer	14LRN	Drought	Added	Plate134	Bacteria	Litter	Grass	Block_6	2018-Drought	2018-Added
69	2018Q214RRX	0.8758007429111	2018-Q2-14RRX	2018	Q2	Summer	14RRX	Drought	Ambient	Plate134	Bacteria	Litter	Grass	Block_6	2018-Drought	2018-Ambient
70	2018Q218LXN	0.802774516677549	2018-Q2-18LXN	2018	Q2	Summer	18LXN	Ambient	Added	Plate134	Bacteria	Litter	Grass	Block_6	2018-Ambient	2018-Added
71	2018Q218RXX	0.808696215399447	2018-Q2-18RXX	2018	Q2	Summer	18RXX	Ambient	Ambient	Plate134	Bacteria	Litter	Grass	Block_6	2018-Ambient	2018-Ambient
72	2018Q220LRX	0.832464246458134	2018-Q2-20LRX	2018	Q2	Summer	20LRX	Drought	Ambient	Plate134	Bacteria	Litter	Grass	Block_8	2018-Drought	2018-Ambient
73	2018Q222LXX	0.821306530634168	2018-Q2-22LXX	2018	Q2	Summer	22LXX	Ambient	Ambient	Plate134	Bacteria	Litter	Grass	Block_8	2018-Ambient	2018-Ambient
74	2018Q304LXX	0.874827093087706	2018-Q3-04LXX	2018	Q3	Fall	04LXX	Ambient	Ambient	Plate134	Bacteria	Litter	Grass	Block_2	2018-Ambient	2018-Ambient
75	2018Q304RXN	0.749932123691995	2018-Q3-04RXN	2018	Q3	Fall	04RXN	Ambient	Added	Plate134	Bacteria	Litter	Grass	Block_2	2018-Ambient	2018-Added
76	2018Q305LRN	0.894603902670273	2018-Q3-05LRN	2018	Q3	Fall	05LRN	Drought	Added	Plate134	Bacteria	Litter	Grass	Block_2	2018-Drought	2018-Added
77	2018Q305RRX	0.812759934615161	2018-Q3-05RRX	2018	Q3	Fall	05RRX	Drought	Ambient	Plate134	Bacteria	Litter	Grass	Block_2	2018-Drought	2018-Ambient
78	2018Q307LRX	0.863041983580927	2018-Q3-07LRX	2018	Q3	Fall	07LRX	Drought	Ambient	Plate134	Bacteria	Litter	Grass	Block_3	2018-Drought	2018-Ambient
79	2018Q307RRN	0.867664048413177	2018-Q3-07RRN	2018	Q3	Fall	07RRN	Drought	Added	Plate134	Bacteria	Litter	Grass	Block_3	2018-Drought	2018-Added
80	2018Q308LXX	0.904926234808187	2018-Q3-08LXX	2018	Q3	Fall	08LXX	Ambient	Ambient	Plate134	Bacteria	Litter	Grass	Block_3	2018-Ambient	2018-Ambient
81	2018Q308RXN	0.878767522984129	2018-Q3-08RXN	2018	Q3	Fall	08RXN	Ambient	Added	Plate134	Bacteria	Litter	Grass	Block_3	2018-Ambient	2018-Added
82	2018Q314LRN	0.85764875352975	2018-Q3-14LRN	2018	Q3	Fall	14LRN	Drought	Added	Plate134	Bacteria	Litter	Grass	Block_6	2018-Drought	2018-Added
83	2018Q314RRX	0.895771401315261	2018-Q3-14RRX	2018	Q3	Fall	14RRX	Drought	Ambient	Plate134	Bacteria	Litter	Grass	Block_6	2018-Drought	2018-Ambient
84	2018Q318LXN	0.850116896109248	2018-Q3-18LXN	2018	Q3	Fall	18LXN	Ambient	Added	Plate134	Bacteria	Litter	Grass	Block_6	2018-Ambient	2018-Added
85	2018Q318RXX	0.905151585655477	2018-Q3-18RXX	2018	Q3	Fall	18RXX	Ambient	Ambient	Plate134	Bacteria	Litter	Grass	Block_6	2018-Ambient	2018-Ambient
86	2018Q320RRN	0.879394993998754	2018-Q3-20RRN	2018	Q3	Fall	20RRN	Drought	Added	Plate134	Bacteria	Litter	Grass	Block_8	2018-Drought	2018-Added
87	2018Q322LXX	0.767819982503548	2018-Q3-22LXX	2018	Q3	Fall	22LXX	Ambient	Ambient	Plate134	Bacteria	Litter	Grass	Block_8	2018-Ambient	2018-Ambient
88	2018Q322RXN	0.911723082173887	2018-Q3-22RXN	2018	Q3	Fall	22RXN	Ambient	Added	Plate134	Bacteria	Litter	Grass	Block_8	2018-Ambient	2018-Added
89	2018Q405LRN	0.847929536793814	2018-Q4-05LRN	2018	Q4	Winter	05LRN	Drought	Added	Plate134	Bacteria	Litter	Grass	Block_2	2018-Drought	2018-Added
90	2018Q405RRX	0.87660838584739	2018-Q4-05RRX	2018	Q4	Winter	05RRX	Drought	Ambient	Plate134	Bacteria	Litter	Grass	Block_2	2018-Drought	2018-Ambient
91	2018Q407LRX	0.864903753852624	2018-Q4-07LRX	2018	Q4	Winter	07LRX	Drought	Ambient	Plate134	Bacteria	Litter	Grass	Block_3	2018-Drought	2018-Ambient
92	2018Q407RRN	0.907243629987554	2018-Q4-07RRN	2018	Q4	Winter	07RRN	Drought	Added	Plate134	Bacteria	Litter	Grass	Block_3	2018-Drought	2018-Added
93	2018Q408RXN	0.795453045233848	2018-Q4-08RXN	2018	Q4	Winter	08RXN	Ambient	Added	Plate134	Bacteria	Litter	Grass	Block_3	2018-Ambient	2018-Added
94	2018Q408RXN.2	0.889662436227407	2018-Q4-08RXN.2	2018	Q4	Winter	08RXN	Ambient	Added	Plate134	Bacteria	Litter	Grass	Block_3	2018-Ambient	2018-Added
95	2018Q414LRN	0.826462966217914	2018-Q4-14LRN	2018	Q4	Winter	14LRN	Drought	Added	Plate134	Bacteria	Litter	Grass	Block_6	2018-Drought	2018-Added
96	2018Q418RXX	0.867802996608181	2018-Q4-18RXX	2018	Q4	Winter	18RXX	Ambient	Ambient	Plate134	Bacteria	Litter	Grass	Block_6	2018-Ambient	2018-Ambient
97	2018Q420RRN	0.889715766428401	2018-Q4-20RRN	2018	Q4	Winter	20RRN	Drought	Added	Plate134	Bacteria	Litter	Grass	Block_8	2018-Drought	2018-Added
98	2019Q104LXX	0.896519664804359	2019-Q1-04LXX	2019	Q1	Spring	04LXX	Ambient	Ambient	Plate134	Bacteria	Litter	Grass	Block_2	2019-Ambient	2019-Ambient
99	2019Q105LRN	0.887281216266907	2019-Q1-05LRN	2019	Q1	Spring	05LRN	Drought	Added	Plate134	Bacteria	Litter	Grass	Block_2	2019-Drought	2019-Added
100	2019Q107LRX	0.891036704413913	2019-Q1-07LRX	2019	Q1	Spring	07LRX	Drought	Ambient	Plate134	Bacteria	Litter	Grass	Block_3	2019-Drought	2019-Ambient
101	2019Q107RRN	0.839547290650802	2019-Q1-07RRN	2019	Q1	Spring	07RRN	Drought	Added	Plate134	Bacteria	Litter	Grass	Block_3	2019-Drought	2019-Added
102	2019Q108RXN	0.903615131643799	2019-Q1-08RXN	2019	Q1	Spring	08RXN	Ambient	Added	Plate134	Bacteria	Litter	Grass	Block_3	2019-Ambient	2019-Added
103	2019Q114LRN	0.908205123649493	2019-Q1-14LRN	2019	Q1	Spring	14LRN	Drought	Added	Plate134	Bacteria	Litter	Grass	Block_6	2019-Drought	2019-Added
104	2019Q114RRX	0.867131990725259	2019-Q1-14RRX	2019	Q1	Spring	14RRX	Drought	Ambient	Plate134	Bacteria	Litter	Grass	Block_6	2019-Drought	2019-Ambient
105	2019Q118LXN	0.898564878025362	2019-Q1-18LXN	2019	Q1	Spring	18LXN	Ambient	Added	Plate134	Bacteria	Litter	Grass	Block_6	2019-Ambient	2019-Added
106	2019Q118RXX	0.910636570906547	2019-Q1-18RXX	2019	Q1	Spring	18RXX	Ambient	Ambient	Plate134	Bacteria	Litter	Grass	Block_6	2019-Ambient	2019-Ambient
107	2019Q122RXN	0.914809963882049	2019-Q1-22RXN	2019	Q1	Spring	22RXN	Ambient	Added	Plate134	Bacteria	Litter	Grass	Block_8	2019-Ambient	2019-Added
108	2019Q204RXN	0.856874508857362	2019-Q2-04RXN	2019	Q2	Summer	04RXN	Ambient	Added	Plate134	Bacteria	Litter	Grass	Block_2	2019-Ambient	2019-Added
109	2019Q205LRN	0.804578465218796	2019-Q2-05LRN	2019	Q2	Summer	05LRN	Drought	Added	Plate134	Bacteria	Litter	Grass	Block_2	2019-Drought	2019-Added
110	2019Q207LRX	0.917399289085339	2019-Q2-07LRX	2019	Q2	Summer	07LRX	Drought	Ambient	Plate134	Bacteria	Litter	Grass	Block_3	2019-Drought	2019-Ambient
111	2019Q207RRN	0.888013488184075	2019-Q2-07RRN	2019	Q2	Summer	07RRN	Drought	Added	Plate134	Bacteria	Litter	Grass	Block_3	2019-Drought	2019-Added
112	2019Q208LXX	0.832654236651997	2019-Q2-08LXX	2019	Q2	Summer	08LXX	Ambient	Ambient	Plate134	Bacteria	Litter	Grass	Block_3	2019-Ambient	2019-Ambient
113	2019Q208RXN	0.871966495984527	2019-Q2-08RXN	2019	Q2	Summer	08RXN	Ambient	Added	Plate134	Bacteria	Litter	Grass	Block_3	2019-Ambient	2019-Added
114	2019Q214LRN	0.834097168851131	2019-Q2-14LRN	2019	Q2	Summer	14LRN	Drought	Added	Plate134	Bacteria	Litter	Grass	Block_6	2019-Drought	2019-Added
115	2019Q214RRX	0.869738149100577	2019-Q2-14RRX	2019	Q2	Summer	14RRX	Drought	Ambient	Plate134	Bacteria	Litter	Grass	Block_6	2019-Drought	2019-Ambient
116	2019Q218LXN	0.827794815803525	2019-Q2-18LXN	2019	Q2	Summer	18LXN	Ambient	Added	Plate134	Bacteria	Litter	Grass	Block_6	2019-Ambient	2019-Added
117	2019Q218RXX	0.818375784036083	2019-Q2-18RXX	2019	Q2	Summer	18RXX	Ambient	Ambient	Plate134	Bacteria	Litter	Grass	Block_6	2019-Ambient	2019-Ambient
118	2019Q220RRN	0.85580197091625	2019-Q2-20RRN	2019	Q2	Summer	20RRN	Drought	Added	Plate134	Bacteria	Litter	Grass	Block_8	2019-Drought	2019-Added
119	2019Q222RXN	0.898199465323329	2019-Q2-22RXN	2019	Q2	Summer	22RXN	Ambient	Added	Plate134	Bacteria	Litter	Grass	Block_8	2019-Ambient	2019-Added
120	2019Q304LXX	0.829122117417975	2019-Q3-04LXX	2019	Q3	Fall	04LXX	Ambient	Ambient	Plate134	Bacteria	Litter	Grass	Block_2	2019-Ambient	2019-Ambient
121	2019Q305LRN	0.720033563681917	2019-Q3-05LRN	2019	Q3	Fall	05LRN	Drought	Added	Plate134	Bacteria	Litter	Grass	Block_2	2019-Drought	2019-Added
122	2019Q307RRN	0.824438949290867	2019-Q3-07RRN	2019	Q3	Fall	07RRN	Drought	Added	Plate134	Bacteria	Litter	Grass	Block_3	2019-Drought	2019-Added
123	2019Q308LXX	0.849582005300321	2019-Q3-08LXX	2019	Q3	Fall	08LXX	Ambient	Ambient	Plate134	Bacteria	Litter	Grass	Block_3	2019-Ambient	2019-Ambient
124	2019Q308RXN	0.894310868232372	2019-Q3-08RXN	2019	Q3	Fall	08RXN	Ambient	Added	Plate134	Bacteria	Litter	Grass	Block_3	2019-Ambient	2019-Added
125	2019Q314LRN	0.843124386277416	2019-Q3-14LRN	2019	Q3	Fall	14LRN	Drought	Added	Plate134	Bacteria	Litter	Grass	Block_6	2019-Drought	2019-Added
126	2019Q314RRX	0.861330783578055	2019-Q3-14RRX	2019	Q3	Fall	14RRX	Drought	Ambient	Plate134	Bacteria	Litter	Grass	Block_6	2019-Drought	2019-Ambient
127	2019Q318LXN	0.890801093487435	2019-Q3-18LXN	2019	Q3	Fall	18LXN	Ambient	Added	Plate134	Bacteria	Litter	Grass	Block_6	2019-Ambient	2019-Added
128	2019Q318RXX	0.884723387131894	2019-Q3-18RXX	2019	Q3	Fall	18RXX	Ambient	Ambient	Plate134	Bacteria	Litter	Grass	Block_6	2019-Ambient	2019-Ambient
129	2019Q322RXN	0.899263181988884	2019-Q3-22RXN	2019	Q3	Fall	22RXN	Ambient	Added	Plate134	Bacteria	Litter	Grass	Block_8	2019-Ambient	2019-Added
130	2019Q404LXX	0.737788515865887	2019-Q4-04LXX	2019	Q4	Winter	04LXX	Ambient	Ambient	Plate134	Bacteria	Litter	Grass	Block_2	2019-Ambient	2019-Ambient
131	2019Q404RXN	0.851756652277624	2019-Q4-04RXN	2019	Q4	Winter	04RXN	Ambient	Added	Plate134	Bacteria	Litter	Grass	Block_2	2019-Ambient	2019-Added
132	2019Q405LRN	0.859114166973363	2019-Q4-05LRN	2019	Q4	Winter	05LRN	Drought	Added	Plate134	Bacteria	Litter	Grass	Block_2	2019-Drought	2019-Added
133	2019Q405RRX	0.907022363898878	2019-Q4-05RRX	2019	Q4	Winter	05RRX	Drought	Ambient	Plate134	Bacteria	Litter	Grass	Block_2	2019-Drought	2019-Ambient
134	2019Q407LRX	0.754963161851082	2019-Q4-07LRX	2019	Q4	Winter	07LRX	Drought	Ambient	Plate134	Bacteria	Litter	Grass	Block_3	2019-Drought	2019-Ambient
135	2019Q407RRN	0.732212254637763	2019-Q4-07RRN	2019	Q4	Winter	07RRN	Drought	Added	Plate134	Bacteria	Litter	Grass	Block_3	2019-Drought	2019-Added
136	2019Q408LXX	0.876946021632158	2019-Q4-08LXX	2019	Q4	Winter	08LXX	Ambient	Ambient	Plate134	Bacteria	Litter	Grass	Block_3	2019-Ambient	2019-Ambient
137	2019Q408RXN	0.919984061147783	2019-Q4-08RXN	2019	Q4	Winter	08RXN	Ambient	Added	Plate134	Bacteria	Litter	Grass	Block_3	2019-Ambient	2019-Added
138	2019Q414LRN	0.916131619265744	2019-Q4-14LRN	2019	Q4	Winter	14LRN	Drought	Added	Plate134	Bacteria	Litter	Grass	Block_6	2019-Drought	2019-Added
139	2019Q418LXN	0.689133794718435	2019-Q4-18LXN	2019	Q4	Winter	18LXN	Ambient	Added	Plate134	Bacteria	Litter	Grass	Block_6	2019-Ambient	2019-Added
140	2019Q418RXX	0.81792541571659	2019-Q4-18RXX	2019	Q4	Winter	18RXX	Ambient	Ambient	Plate134	Bacteria	Litter	Grass	Block_6	2019-Ambient	2019-Ambient
141	2019Q420LRX	0.860877831810707	2019-Q4-20LRX	2019	Q4	Winter	20LRX	Drought	Ambient	Plate134	Bacteria	Litter	Grass	Block_8	2019-Drought	2019-Ambient
142	2019Q420RRN	0.865114977400352	2019-Q4-20RRN	2019	Q4	Winter	20RRN	Drought	Added	Plate134	Bacteria	Litter	Grass	Block_8	2019-Drought	2019-Added
143	2019Q422LXX	0.893555941239064	2019-Q4-22LXX	2019	Q4	Winter	22LXX	Ambient	Ambient	Plate134	Bacteria	Litter	Grass	Block_8	2019-Ambient	2019-Ambient
144	2019Q422RXN	0.869259492914471	2019-Q4-22RXN	2019	Q4	Winter	22RXN	Ambient	Added	Plate134	Bacteria	Litter	Grass	Block_8	2019-Ambient	2019-Added
145	2020100704LXXR1L	0.862339421196667	2020-10-07-04LXX-R1-L	2020	Q3	Fall	04LXX	Ambient	Ambient	Kristin	Bacteria	Litter	Grass	Block_2	2020-Ambient	2020-Ambient
146	2020100705RRXR1L	0.929287981498412	2020-10-07-05RRX-R1-L	2020	Q3	Fall	05RRX	Drought	Ambient	Kristin	Bacteria	Litter	Grass	Block_2	2020-Drought	2020-Ambient
147	2020100707LRXR1L	0.888212886403388	2020-10-07-07LRX-R1-L	2020	Q3	Fall	07LRX	Drought	Ambient	Kristin	Bacteria	Litter	Grass	Block_3	2020-Drought	2020-Ambient
148	2020100714RRXR1L	0.920985264918312	2020-10-07-14RRX-R1-L	2020	Q3	Fall	14RRX	Drought	Ambient	Kristin	Bacteria	Litter	Grass	Block_6	2020-Drought	2020-Ambient
149	2020100718RXXR1L	0.863725698438286	2020-10-07-18RXX-R1-L	2020	Q3	Fall	18RXX	Ambient	Ambient	Kristin	Bacteria	Litter	Grass	Block_6	2020-Ambient	2020-Ambient
150	2020100720LRXR1L	0.920824345796325	2020-10-07-20LRX-R1-L	2020	Q3	Fall	20LRX	Drought	Ambient	Kristin	Bacteria	Litter	Grass	Block_8	2020-Drought	2020-Ambient
151	2020100722LXXR1L	0.881873033229797	2020-10-07-22LXX-R1-L	2020	Q3	Fall	22LXX	Ambient	Ambient	Kristin	Bacteria	Litter	Grass	Block_8	2020-Ambient	2020-Ambient
152	2020111804LXXR1L	0.93255578771911	2020-11-18-04LXX-R1-L	2020	Q3	Fall	04LXX	Ambient	Ambient	Kristin	Bacteria	Litter	Grass	Block_2	2020-Ambient	2020-Ambient
153	2020111805RRXR1L	0.93709261895772	2020-11-18-05RRX-R1-L	2020	Q3	Fall	05RRX	Drought	Ambient	Kristin	Bacteria	Litter	Grass	Block_2	2020-Drought	2020-Ambient
154	2020111807LRXR1L	0.919517667303396	2020-11-18-07LRX-R1-L	2020	Q3	Fall	07LRX	Drought	Ambient	Kristin	Bacteria	Litter	Grass	Block_3	2020-Drought	2020-Ambient
155	2020111808LXXR1L	0.816826278553532	2020-11-18-08LXX-R1-L	2020	Q3	Fall	08LXX	Ambient	Ambient	Kristin	Bacteria	Litter	Grass	Block_3	2020-Ambient	2020-Ambient
156	2020111818RXXR1L	0.914539180401838	2020-11-18-18RXX-R1-L	2020	Q3	Fall	18RXX	Ambient	Ambient	Kristin	Bacteria	Litter	Grass	Block_6	2020-Ambient	2020-Ambient
157	2020111820LRXR1L	0.940064252634621	2020-11-18-20LRX-R1-L	2020	Q3	Fall	20LRX	Drought	Ambient	Kristin	Bacteria	Litter	Grass	Block_8	2020-Drought	2020-Ambient
158	2020Q104LXX	0.627722109283762	2020-Q1-04LXX	2020	Q1	Spring	04LXX	Ambient	Ambient	Plate134	Bacteria	Litter	Grass	Block_2	2020-Ambient	2020-Ambient
159	2020Q104RXN	0.78595880942011	2020-Q1-04RXN	2020	Q1	Spring	04RXN	Ambient	Added	Plate134	Bacteria	Litter	Grass	Block_2	2020-Ambient	2020-Added
160	2020Q105LRN	0.897714522500925	2020-Q1-05LRN	2020	Q1	Spring	05LRN	Drought	Added	Plate134	Bacteria	Litter	Grass	Block_2	2020-Drought	2020-Added
161	2020Q107LRX	0.846766172471038	2020-Q1-07LRX	2020	Q1	Spring	07LRX	Drought	Ambient	Plate134	Bacteria	Litter	Grass	Block_3	2020-Drought	2020-Ambient
162	2020Q107RRN	0.866470122460048	2020-Q1-07RRN	2020	Q1	Spring	07RRN	Drought	Added	Plate134	Bacteria	Litter	Grass	Block_3	2020-Drought	2020-Added
163	2020Q108LXX	0.787166053009121	2020-Q1-08LXX	2020	Q1	Spring	08LXX	Ambient	Ambient	Plate134	Bacteria	Litter	Grass	Block_3	2020-Ambient	2020-Ambient
164	2020Q108RXN	0.802693768347921	2020-Q1-08RXN	2020	Q1	Spring	08RXN	Ambient	Added	Plate134	Bacteria	Litter	Grass	Block_3	2020-Ambient	2020-Added
165	2020Q114LRN	0.906158084105395	2020-Q1-14LRN	2020	Q1	Spring	14LRN	Drought	Added	Plate134	Bacteria	Litter	Grass	Block_6	2020-Drought	2020-Added
166	2020Q114RRX	0.820413880865263	2020-Q1-14RRX	2020	Q1	Spring	14RRX	Drought	Ambient	Plate134	Bacteria	Litter	Grass	Block_6	2020-Drought	2020-Ambient
167	2020Q118LXN	0.77999784058641	2020-Q1-18LXN	2020	Q1	Spring	18LXN	Ambient	Added	Plate134	Bacteria	Litter	Grass	Block_6	2020-Ambient	2020-Added
168	2020Q118RXX	0.907330961460429	2020-Q1-18RXX	2020	Q1	Spring	18RXX	Ambient	Ambient	Plate134	Bacteria	Litter	Grass	Block_6	2020-Ambient	2020-Ambient
169	2020Q120LRX	0.837416832160747	2020-Q1-20LRX	2020	Q1	Spring	20LRX	Drought	Ambient	Plate134	Bacteria	Litter	Grass	Block_8	2020-Drought	2020-Ambient
170	2020Q120RRN	0.668603980854642	2020-Q1-20RRN	2020	Q1	Spring	20RRN	Drought	Added	Plate134	Bacteria	Litter	Grass	Block_8	2020-Drought	2020-Added
171	2020Q122LXX	0.904342797312669	2020-Q1-22LXX	2020	Q1	Spring	22LXX	Ambient	Ambient	Plate134	Bacteria	Litter	Grass	Block_8	2020-Ambient	2020-Ambient
172	2020Q122RXN	0.832324095698662	2020-Q1-22RXN	2020	Q1	Spring	22RXN	Ambient	Added	Plate134	Bacteria	Litter	Grass	Block_8	2020-Ambient	2020-Added
173	2020Q204LXX	0.879148211998464	2020-Q2-04LXX	2020	Q2	Summer	04LXX	Ambient	Ambient	Plate134	Bacteria	Litter	Grass	Block_2	2020-Ambient	2020-Ambient
174	2020Q204RXN	0.841044967570808	2020-Q2-04RXN	2020	Q2	Summer	04RXN	Ambient	Added	Plate134	Bacteria	Litter	Grass	Block_2	2020-Ambient	2020-Added
175	2020Q205LRN	0.800791131310107	2020-Q2-05LRN	2020	Q2	Summer	05LRN	Drought	Added	Plate134	Bacteria	Litter	Grass	Block_2	2020-Drought	2020-Added
176	2020Q205RRX	0.887321438635629	2020-Q2-05RRX	2020	Q2	Summer	05RRX	Drought	Ambient	Plate134	Bacteria	Litter	Grass	Block_2	2020-Drought	2020-Ambient
177	2020Q207LRX	0.890170458256354	2020-Q2-07LRX	2020	Q2	Summer	07LRX	Drought	Ambient	Plate134	Bacteria	Litter	Grass	Block_3	2020-Drought	2020-Ambient
178	2020Q208LXX	0.886074710795524	2020-Q2-08LXX	2020	Q2	Summer	08LXX	Ambient	Ambient	Plate134	Bacteria	Litter	Grass	Block_3	2020-Ambient	2020-Ambient
179	2020Q214RRX	0.815606432528913	2020-Q2-14RRX	2020	Q2	Summer	14RRX	Drought	Ambient	Plate134	Bacteria	Litter	Grass	Block_6	2020-Drought	2020-Ambient
180	2020Q220LRX	0.845633143499915	2020-Q2-20LRX	2020	Q2	Summer	20LRX	Drought	Ambient	Plate134	Bacteria	Litter	Grass	Block_8	2020-Drought	2020-Ambient
181	2020Q220RRN	0.880610660447486	2020-Q2-20RRN	2020	Q2	Summer	20RRN	Drought	Added	Plate134	Bacteria	Litter	Grass	Block_8	2020-Drought	2020-Added
182	2020Q222LXX	0.885504989007172	2020-Q2-22LXX	2020	Q2	Summer	22LXX	Ambient	Ambient	Plate134	Bacteria	Litter	Grass	Block_8	2020-Ambient	2020-Ambient
183	2020Q222RXN	0.918847334186893	2020-Q2-22RXN	2020	Q2	Summer	22RXN	Ambient	Added	Plate134	Bacteria	Litter	Grass	Block_8	2020-Ambient	2020-Added
184	2020Q307RRN	0.907748393941909	2020-Q3-07RRN	2020	Q3	Fall	07RRN	Drought	Added	Plate134	Bacteria	Litter	Grass	Block_3	2020-Drought	2020-Added
185	2020Q308RXN	0.924890797226146	2020-Q3-08RXN	2020	Q3	Fall	08RXN	Ambient	Added	Plate134	Bacteria	Litter	Grass	Block_3	2020-Ambient	2020-Added
186	2020Q314LRN	0.919059087401984	2020-Q3-14LRN	2020	Q3	Fall	14LRN	Drought	Added	Plate134	Bacteria	Litter	Grass	Block_6	2020-Drought	2020-Added
187	2020Q318LXN	0.928449749117386	2020-Q3-18LXN	2020	Q3	Fall	18LXN	Ambient	Added	Plate134	Bacteria	Litter	Grass	Block_6	2020-Ambient	2020-Added
188	2020Q320RRN	0.435468075653209	2020-Q3-20RRN	2020	Q3	Fall	20RRN	Drought	Added	Plate134	Bacteria	Litter	Grass	Block_8	2020-Drought	2020-Added
189	2020Q322RXN	0.907301529027047	2020-Q3-22RXN	2020	Q3	Fall	22RXN	Ambient	Added	Plate134	Bacteria	Litter	Grass	Block_8	2020-Ambient	2020-Added
190	2020Q404RXN	0.846620236430017	2020-Q4-04RXN	2020	Q4	Winter	04RXN	Ambient	Added	Plate134	Bacteria	Litter	Grass	Block_2	2020-Ambient	2020-Added
191	2020Q407RRN	0.922200329063344	2020-Q4-07RRN	2020	Q4	Winter	07RRN	Drought	Added	Plate134	Bacteria	Litter	Grass	Block_3	2020-Drought	2020-Added
192	2020Q408RXN	0.898380266046787	2020-Q4-08RXN	2020	Q4	Winter	08RXN	Ambient	Added	Plate134	Bacteria	Litter	Grass	Block_3	2020-Ambient	2020-Added
193	2020Q418LXN	0.92712025306825	2020-Q4-18LXN	2020	Q4	Winter	18LXN	Ambient	Added	Plate134	Bacteria	Litter	Grass	Block_6	2020-Ambient	2020-Added
194	2020Q420RRN	0.909744602161701	2020-Q4-20RRN	2020	Q4	Winter	20RRN	Drought	Added	Plate134	Bacteria	Litter	Grass	Block_8	2020-Drought	2020-Added
195	2020Q422RXN	0.861751186535352	2020-Q4-22RXN	2020	Q4	Winter	22RXN	Ambient	Added	Plate134	Bacteria	Litter	Grass	Block_8	2020-Ambient	2020-Added
196	2021012704LXXR1L	0.744618010100013	2021-01-27-04LXX-R1-L	2021	Q4	Winter	04LXX	Ambient	Ambient	Kristin	Bacteria	Litter	Grass	Block_2	2021-Ambient	2021-Ambient
197	2021012705RRXR1L	0.832012013659841	2021-01-27-05RRX-R1-L	2021	Q4	Winter	05RRX	Drought	Ambient	Kristin	Bacteria	Litter	Grass	Block_2	2021-Drought	2021-Ambient
198	2021012707LRXR1L	0.890549019133234	2021-01-27-07LRX-R1-L	2021	Q4	Winter	07LRX	Drought	Ambient	Kristin	Bacteria	Litter	Grass	Block_3	2021-Drought	2021-Ambient
199	2021012708LXXR1L	0.892686676523114	2021-01-27-08LXX-R1-L	2021	Q4	Winter	08LXX	Ambient	Ambient	Kristin	Bacteria	Litter	Grass	Block_3	2021-Ambient	2021-Ambient
200	2021012714RRXR1L	0.903075021869159	2021-01-27-14RRX-R1-L	2021	Q4	Winter	14RRX	Drought	Ambient	Kristin	Bacteria	Litter	Grass	Block_6	2021-Drought	2021-Ambient
201	2021012718RXXR1L	0.883621648622481	2021-01-27-18RXX-R1-L	2021	Q4	Winter	18RXX	Ambient	Ambient	Kristin	Bacteria	Litter	Grass	Block_6	2021-Ambient	2021-Ambient
202	2021012720LRXR1L	0.911380502190967	2021-01-27-20LRX-R1-L	2021	Q4	Winter	20LRX	Drought	Ambient	Kristin	Bacteria	Litter	Grass	Block_8	2021-Drought	2021-Ambient
203	2021012722LXXR1L	0.863318133384138	2021-01-27-22LXX-R1-L	2021	Q4	Winter	22LXX	Ambient	Ambient	Kristin	Bacteria	Litter	Grass	Block_8	2021-Ambient	2021-Ambient
204	2021022404LXXR1L	0.811436130623786	2021-02-24-04LXX-R1-L	2021	Q1	Spring	04LXX	Ambient	Ambient	Kristin	Bacteria	Litter	Grass	Block_2	2021-Ambient	2021-Ambient
205	2021022405RRXR1L	0.789294095463393	2021-02-24-05RRX-R1-L	2021	Q1	Spring	05RRX	Drought	Ambient	Kristin	Bacteria	Litter	Grass	Block_2	2021-Drought	2021-Ambient
206	2021022407LRXR1L	0.934712946296362	2021-02-24-07LRX-R1-L	2021	Q1	Spring	07LRX	Drought	Ambient	Kristin	Bacteria	Litter	Grass	Block_3	2021-Drought	2021-Ambient
207	2021022414RRXR1L	0.917571254065234	2021-02-24-14RRX-R1-L	2021	Q1	Spring	14RRX	Drought	Ambient	Kristin	Bacteria	Litter	Grass	Block_6	2021-Drought	2021-Ambient
208	2021022422LXXR1L	0.852022064948658	2021-02-24-22LXX-R1-L	2021	Q1	Spring	22LXX	Ambient	Ambient	Kristin	Bacteria	Litter	Grass	Block_8	2021-Ambient	2021-Ambient
209	2021Q104RXN	0.906737877672303	2021-Q1-04RXN	2021	Q1	Spring	04RXN	Ambient	Added	Plate134	Bacteria	Litter	Grass	Block_2	2021-Ambient	2021-Added
210	2021Q105LRN	0.849853971095422	2021-Q1-05LRN	2021	Q1	Spring	05LRN	Drought	Added	Plate134	Bacteria	Litter	Grass	Block_2	2021-Drought	2021-Added
211	2021Q107RRN	0.869828945670223	2021-Q1-07RRN	2021	Q1	Spring	07RRN	Drought	Added	Plate134	Bacteria	Litter	Grass	Block_3	2021-Drought	2021-Added
212	2021Q108RXN	0.843427235198487	2021-Q1-08RXN	2021	Q1	Spring	08RXN	Ambient	Added	Plate134	Bacteria	Litter	Grass	Block_3	2021-Ambient	2021-Added
213	2021Q114LRN	0.877082851133909	2021-Q1-14LRN	2021	Q1	Spring	14LRN	Drought	Added	Plate134	Bacteria	Litter	Grass	Block_6	2021-Drought	2021-Added
214	2021Q118LXN	0.829245796675277	2021-Q1-18LXN	2021	Q1	Spring	18LXN	Ambient	Added	Plate134	Bacteria	Litter	Grass	Block_6	2021-Ambient	2021-Added
215	2021Q120RRN	0.793051667413663	2021-Q1-20RRN	2021	Q1	Spring	20RRN	Drought	Added	Plate134	Bacteria	Litter	Grass	Block_8	2021-Drought	2021-Added
216	2021Q122RXN	0.856011414021344	2021-Q1-22RXN	2021	Q1	Spring	22RXN	Ambient	Added	Plate134	Bacteria	Litter	Grass	Block_8	2021-Ambient	2021-Added
217	2021Q204LXX	0.790736900067875	2021-Q2-04LXX	2021	Q2	Summer	04LXX	Ambient	Ambient	Plate134	Bacteria	Litter	Grass	Block_2	2021-Ambient	2021-Ambient
218	2021Q204RXN	0.892125962695166	2021-Q2-04RXN	2021	Q2	Summer	04RXN	Ambient	Added	Plate134	Bacteria	Litter	Grass	Block_2	2021-Ambient	2021-Added
219	2021Q205LRN	0.816624796124814	2021-Q2-05LRN	2021	Q2	Summer	05LRN	Drought	Added	Plate134	Bacteria	Litter	Grass	Block_2	2021-Drought	2021-Added
220	2021Q205RRX	0.84214979830144	2021-Q2-05RRX	2021	Q2	Summer	05RRX	Drought	Ambient	Plate134	Bacteria	Litter	Grass	Block_2	2021-Drought	2021-Ambient
221	2021Q207LRX	0.876019539771273	2021-Q2-07LRX	2021	Q2	Summer	07LRX	Drought	Ambient	Plate134	Bacteria	Litter	Grass	Block_3	2021-Drought	2021-Ambient
222	2021Q208LXX	0.70772557812216	2021-Q2-08LXX	2021	Q2	Summer	08LXX	Ambient	Ambient	Plate134	Bacteria	Litter	Grass	Block_3	2021-Ambient	2021-Ambient
223	2021Q208RXN	0.876267451159372	2021-Q2-08RXN	2021	Q2	Summer	08RXN	Ambient	Added	Plate134	Bacteria	Litter	Grass	Block_3	2021-Ambient	2021-Added
224	2021Q214RRX	0.867621050248198	2021-Q2-14RRX	2021	Q2	Summer	14RRX	Drought	Ambient	Plate134	Bacteria	Litter	Grass	Block_6	2021-Drought	2021-Ambient
225	2021Q218RXX	0.530269906752977	2021-Q2-18RXX	2021	Q2	Summer	18RXX	Ambient	Ambient	Plate134	Bacteria	Litter	Grass	Block_6	2021-Ambient	2021-Ambient
226	2021Q220RRN	0.817554732593339	2021-Q2-20RRN	2021	Q2	Summer	20RRN	Drought	Added	Plate134	Bacteria	Litter	Grass	Block_8	2021-Drought	2021-Added
227	2021Q222LXX	0.863020926240914	2021-Q2-22LXX	2021	Q2	Summer	22LXX	Ambient	Ambient	Plate134	Bacteria	Litter	Grass	Block_8	2021-Ambient	2021-Ambient
228	2021Q222RXN	0.885900965579781	2021-Q2-22RXN	2021	Q2	Summer	22RXN	Ambient	Added	Plate134	Bacteria	Litter	Grass	Block_8	2021-Ambient	2021-Added
229	2021Q304LXX	0.733655386745341	2021-Q3-04LXX	2021	Q3	Fall	04LXX	Ambient	Ambient	Plate134	Bacteria	Litter	Grass	Block_2	2021-Ambient	2021-Ambient
230	2021Q304RXN	0.726523017409977	2021-Q3-04RXN	2021	Q3	Fall	04RXN	Ambient	Added	Plate134	Bacteria	Litter	Grass	Block_2	2021-Ambient	2021-Added
231	2021Q305LRN	0.870461316905384	2021-Q3-05LRN	2021	Q3	Fall	05LRN	Drought	Added	Plate134	Bacteria	Litter	Grass	Block_2	2021-Drought	2021-Added
232	2021Q307RRN	0.860046811479092	2021-Q3-07RRN	2021	Q3	Fall	07RRN	Drought	Added	Plate134	Bacteria	Litter	Grass	Block_3	2021-Drought	2021-Added
233	2021Q308RXN	0.773561419913492	2021-Q3-08RXN	2021	Q3	Fall	08RXN	Ambient	Added	Plate134	Bacteria	Litter	Grass	Block_3	2021-Ambient	2021-Added
234	2021Q314RRX	0.886934595371254	2021-Q3-14RRX	2021	Q3	Fall	14RRX	Drought	Ambient	Plate134	Bacteria	Litter	Grass	Block_6	2021-Drought	2021-Ambient
235	2021Q318RXX	0.841048245352501	2021-Q3-18RXX	2021	Q3	Fall	18RXX	Ambient	Ambient	Plate134	Bacteria	Litter	Grass	Block_6	2021-Ambient	2021-Ambient
236	2021Q320LRX	0.894757757329197	2021-Q3-20LRX	2021	Q3	Fall	20LRX	Drought	Ambient	Plate134	Bacteria	Litter	Grass	Block_8	2021-Drought	2021-Ambient
237	2021Q320RRN	0.913398295607101	2021-Q3-20RRN	2021	Q3	Fall	20RRN	Drought	Added	Plate134	Bacteria	Litter	Grass	Block_8	2021-Drought	2021-Added
238	2021Q322RXN	0.855063376827649	2021-Q3-22RXN	2021	Q3	Fall	22RXN	Ambient	Added	Plate134	Bacteria	Litter	Grass	Block_8	2021-Ambient	2021-Added
239	2021Q404LXX	0.870674100950273	2021-Q4-04LXX	2021	Q4	Winter	04LXX	Ambient	Ambient	Plate134	Bacteria	Litter	Grass	Block_2	2021-Ambient	2021-Ambient
240	2021Q404RXN	0.772898619194261	2021-Q4-04RXN	2021	Q4	Winter	04RXN	Ambient	Added	Plate134	Bacteria	Litter	Grass	Block_2	2021-Ambient	2021-Added
241	2021Q405LRN	0.92101217402635	2021-Q4-05LRN	2021	Q4	Winter	05LRN	Drought	Added	Plate134	Bacteria	Litter	Grass	Block_2	2021-Drought	2021-Added
242	2021Q405RRX	0.839189294678125	2021-Q4-05RRX	2021	Q4	Winter	05RRX	Drought	Ambient	Plate134	Bacteria	Litter	Grass	Block_2	2021-Drought	2021-Ambient
243	2021Q407LRX	0.776335270662443	2021-Q4-07LRX	2021	Q4	Winter	07LRX	Drought	Ambient	Plate134	Bacteria	Litter	Grass	Block_3	2021-Drought	2021-Ambient
244	2021Q407RRN	0.668623669859886	2021-Q4-07RRN	2021	Q4	Winter	07RRN	Drought	Added	Plate134	Bacteria	Litter	Grass	Block_3	2021-Drought	2021-Added
245	2021Q408LXX	0.881349094215761	2021-Q4-08LXX	2021	Q4	Winter	08LXX	Ambient	Ambient	Plate134	Bacteria	Litter	Grass	Block_3	2021-Ambient	2021-Ambient
246	2021Q414LRN	0.893260259831306	2021-Q4-14LRN	2021	Q4	Winter	14LRN	Drought	Added	Plate134	Bacteria	Litter	Grass	Block_6	2021-Drought	2021-Added
247	2021Q414RRX	0.894797985670596	2021-Q4-14RRX	2021	Q4	Winter	14RRX	Drought	Ambient	Plate134	Bacteria	Litter	Grass	Block_6	2021-Drought	2021-Ambient
248	2021Q418LXN	0.861475788854425	2021-Q4-18LXN	2021	Q4	Winter	18LXN	Ambient	Added	Plate134	Bacteria	Litter	Grass	Block_6	2021-Ambient	2021-Added
249	2021Q418RXX	0.926405704395468	2021-Q4-18RXX	2021	Q4	Winter	18RXX	Ambient	Ambient	Plate134	Bacteria	Litter	Grass	Block_6	2021-Ambient	2021-Ambient
250	2021Q420LRX	0.872643256567567	2021-Q4-20LRX	2021	Q4	Winter	20LRX	Drought	Ambient	Plate134	Bacteria	Litter	Grass	Block_8	2021-Drought	2021-Ambient
251	2021Q420RRN	0.881869209896233	2021-Q4-20RRN	2021	Q4	Winter	20RRN	Drought	Added	Plate134	Bacteria	Litter	Grass	Block_8	2021-Drought	2021-Added
252	2021Q422LXX	0.864953657899286	2021-Q4-22LXX	2021	Q4	Winter	22LXX	Ambient	Ambient	Plate134	Bacteria	Litter	Grass	Block_8	2021-Ambient	2021-Ambient
253	2021Q422RXN	0.725498222896712	2021-Q4-22RXN	2021	Q4	Winter	22RXN	Ambient	Added	Plate134	Bacteria	Litter	Grass	Block_8	2021-Ambient	2021-Added
254	2022Q104RXN	0.893128012468018	2022-Q1-04RXN	2022	Q1	Spring	04RXN	Ambient	Added	Plate134	Bacteria	Litter	Grass	Block_2	2022-Ambient	2022-Added
255	2022Q105LRN	0.902020864296153	2022-Q1-05LRN	2022	Q1	Spring	05LRN	Drought	Added	Plate134	Bacteria	Litter	Grass	Block_2	2022-Drought	2022-Added
256	2022Q105RRX	0.857012040150348	2022-Q1-05RRX	2022	Q1	Spring	05RRX	Drought	Ambient	Plate134	Bacteria	Litter	Grass	Block_2	2022-Drought	2022-Ambient
257	2022Q107LRX	0.893767519345756	2022-Q1-07LRX	2022	Q1	Spring	07LRX	Drought	Ambient	Plate134	Bacteria	Litter	Grass	Block_3	2022-Drought	2022-Ambient
258	2022Q108LXX	0.86588666904766	2022-Q1-08LXX	2022	Q1	Spring	08LXX	Ambient	Ambient	Plate134	Bacteria	Litter	Grass	Block_3	2022-Ambient	2022-Ambient
259	2022Q108RXN	0.791718047731807	2022-Q1-08RXN	2022	Q1	Spring	08RXN	Ambient	Added	Plate134	Bacteria	Litter	Grass	Block_3	2022-Ambient	2022-Added
260	2022Q114RRX	0.858545957167053	2022-Q1-14RRX	2022	Q1	Spring	14RRX	Drought	Ambient	Plate134	Bacteria	Litter	Grass	Block_6	2022-Drought	2022-Ambient
261	2022Q118LXN	0.892936776087504	2022-Q1-18LXN	2022	Q1	Spring	18LXN	Ambient	Added	Plate134	Bacteria	Litter	Grass	Block_6	2022-Ambient	2022-Added
262	2022Q118RXX	0.890125405887968	2022-Q1-18RXX	2022	Q1	Spring	18RXX	Ambient	Ambient	Plate134	Bacteria	Litter	Grass	Block_6	2022-Ambient	2022-Ambient
263	2022Q120RRN	0.921980008727372	2022-Q1-20RRN	2022	Q1	Spring	20RRN	Drought	Added	Plate134	Bacteria	Litter	Grass	Block_8	2022-Drought	2022-Added
264	2022Q122LXX	0.896950006092246	2022-Q1-22LXX	2022	Q1	Spring	22LXX	Ambient	Ambient	Plate134	Bacteria	Litter	Grass	Block_8	2022-Ambient	2022-Ambient
265	2022Q204LXX	0.863073463027286	2022-Q2-04LXX	2022	Q2	Summer	04LXX	Ambient	Ambient	Plate134	Bacteria	Litter	Grass	Block_2	2022-Ambient	2022-Ambient
266	2022Q207LRX	0.911226270312889	2022-Q2-07LRX	2022	Q2	Summer	07LRX	Drought	Ambient	Plate134	Bacteria	Litter	Grass	Block_3	2022-Drought	2022-Ambient
267	2022Q207RRN	0.91792008971764	2022-Q2-07RRN	2022	Q2	Summer	07RRN	Drought	Added	Plate134	Bacteria	Litter	Grass	Block_3	2022-Drought	2022-Added
268	2022Q208RXN	0.393339382547436	2022-Q2-08RXN	2022	Q2	Summer	08RXN	Ambient	Added	Plate134	Bacteria	Litter	Grass	Block_3	2022-Ambient	2022-Added
269	2022Q218LXN	0.830595502451004	2022-Q2-18LXN	2022	Q2	Summer	18LXN	Ambient	Added	Plate134	Bacteria	Litter	Grass	Block_6	2022-Ambient	2022-Added
270	2022Q218RXX	0.401458464928467	2022-Q2-18RXX	2022	Q2	Summer	18RXX	Ambient	Ambient	Plate134	Bacteria	Litter	Grass	Block_6	2022-Ambient	2022-Ambient
271	2022Q304LXX	0.897353280005366	2022-Q3-04LXX	2022	Q3	Fall	04LXX	Ambient	Ambient	Plate134	Bacteria	Litter	Grass	Block_2	2022-Ambient	2022-Ambient
272	2022Q304RXN	0.82459671265369	2022-Q3-04RXN	2022	Q3	Fall	04RXN	Ambient	Added	Plate134	Bacteria	Litter	Grass	Block_2	2022-Ambient	2022-Added
273	2022Q305LRN	0.911349211336507	2022-Q3-05LRN	2022	Q3	Fall	05LRN	Drought	Added	Plate134	Bacteria	Litter	Grass	Block_2	2022-Drought	2022-Added
274	2022Q305RRX	0.826141006197918	2022-Q3-05RRX	2022	Q3	Fall	05RRX	Drought	Ambient	Plate134	Bacteria	Litter	Grass	Block_2	2022-Drought	2022-Ambient
275	2022Q307RRN	0.786954613483193	2022-Q3-07RRN	2022	Q3	Fall	07RRN	Drought	Added	Plate134	Bacteria	Litter	Grass	Block_3	2022-Drought	2022-Added
276	2022Q314LRN	0.784602432533	2022-Q3-14LRN	2022	Q3	Fall	14LRN	Drought	Added	Plate134	Bacteria	Litter	Grass	Block_6	2022-Drought	2022-Added
277	2022Q314RRX	0.811346383214421	2022-Q3-14RRX	2022	Q3	Fall	14RRX	Drought	Ambient	Plate134	Bacteria	Litter	Grass	Block_6	2022-Drought	2022-Ambient
278	2022Q318LXN	0.740982499159495	2022-Q3-18LXN	2022	Q3	Fall	18LXN	Ambient	Added	Plate134	Bacteria	Litter	Grass	Block_6	2022-Ambient	2022-Added
279	2022Q318RXX	0.840946668658149	2022-Q3-18RXX	2022	Q3	Fall	18RXX	Ambient	Ambient	Plate134	Bacteria	Litter	Grass	Block_6	2022-Ambient	2022-Ambient
280	2022Q320LRX	0.806706812101487	2022-Q3-20LRX	2022	Q3	Fall	20LRX	Drought	Ambient	Plate134	Bacteria	Litter	Grass	Block_8	2022-Drought	2022-Ambient
281	2022Q320RRN	0.798782201401397	2022-Q3-20RRN	2022	Q3	Fall	20RRN	Drought	Added	Plate134	Bacteria	Litter	Grass	Block_8	2022-Drought	2022-Added
282	2022Q322LXX	0.889322251354849	2022-Q3-22LXX	2022	Q3	Fall	22LXX	Ambient	Ambient	Plate134	Bacteria	Litter	Grass	Block_8	2022-Ambient	2022-Ambient
283	2022Q322RXN	0.88697457090773	2022-Q3-22RXN	2022	Q3	Fall	22RXN	Ambient	Added	Plate134	Bacteria	Litter	Grass	Block_8	2022-Ambient	2022-Added
284	2022Q404RXN	0.899130498442786	2022-Q4-04RXN	2022	Q4	Winter	04RXN	Ambient	Added	Plate134	Bacteria	Litter	Grass	Block_2	2022-Ambient	2022-Added
285	2022Q405LRN	0.835888003724673	2022-Q4-05LRN	2022	Q4	Winter	05LRN	Drought	Added	Plate134	Bacteria	Litter	Grass	Block_2	2022-Drought	2022-Added
286	2022Q405RRX	0.862409016838553	2022-Q4-05RRX	2022	Q4	Winter	05RRX	Drought	Ambient	Plate134	Bacteria	Litter	Grass	Block_2	2022-Drought	2022-Ambient
287	2022Q407LRX	0.898149176586917	2022-Q4-07LRX	2022	Q4	Winter	07LRX	Drought	Ambient	Plate134	Bacteria	Litter	Grass	Block_3	2022-Drought	2022-Ambient
288	2022Q407RRN	0.87983167182273	2022-Q4-07RRN	2022	Q4	Winter	07RRN	Drought	Added	Plate134	Bacteria	Litter	Grass	Block_3	2022-Drought	2022-Added
289	2022Q408LXX	0.857573089233058	2022-Q4-08LXX	2022	Q4	Winter	08LXX	Ambient	Ambient	Plate134	Bacteria	Litter	Grass	Block_3	2022-Ambient	2022-Ambient
290	2022Q408RXN	0.793234683075625	2022-Q4-08RXN	2022	Q4	Winter	08RXN	Ambient	Added	Plate134	Bacteria	Litter	Grass	Block_3	2022-Ambient	2022-Added
291	2022Q418LXN	0.399121066785678	2022-Q4-18LXN	2022	Q4	Winter	18LXN	Ambient	Added	Plate134	Bacteria	Litter	Grass	Block_6	2022-Ambient	2022-Added
292	2022Q420LRX	0.842161063362761	2022-Q4-20LRX	2022	Q4	Winter	20LRX	Drought	Ambient	Plate134	Bacteria	Litter	Grass	Block_8	2022-Drought	2022-Ambient
293	2022Q420RRN	0.828781475345516	2022-Q4-20RRN	2022	Q4	Winter	20RRN	Drought	Added	Plate134	Bacteria	Litter	Grass	Block_8	2022-Drought	2022-Added
294	2022Q422LXX	0.850961840928607	2022-Q4-22LXX	2022	Q4	Winter	22LXX	Ambient	Ambient	Plate134	Bacteria	Litter	Grass	Block_8	2022-Ambient	2022-Ambient
295	20LRXAugust201616S	0.936481331009613	20LRXAugust201616S	2016	Q3	Fall	20LRX	Drought	Ambient	Sarai	Bacteria	Litter	Grass	Block_8	2016-Drought	2016-Ambient
296	20LRXDecember201616S	0.868437170163639	20LRXDecember201616S	2016	Q4	Winter	20LRX	Drought	Ambient	Sarai	Bacteria	Litter	Grass	Block_8	2016-Drought	2016-Ambient
297	20LRXDecember201716S	0.915342549906351	20LRXDecember201716S	2017	Q4	Winter	20LRX	Drought	Ambient	Sarai	Bacteria	Litter	Grass	Block_8	2017-Drought	2017-Ambient
298	20LRXJune201716S	0.902885123602038	20LRXJune201716S	2017	Q2	Summer	20LRX	Drought	Ambient	Sarai	Bacteria	Litter	Grass	Block_8	2017-Drought	2017-Ambient
299	20LRXMarch201716S	0.908494458960082	20LRXMarch201716S	2017	Q1	Spring	20LRX	Drought	Ambient	Sarai	Bacteria	Litter	Grass	Block_8	2017-Drought	2017-Ambient
300	20LRXMarch201816S	0.923328603095553	20LRXMarch201816S	2018	Q1	Spring	20LRX	Drought	Ambient	Sarai	Bacteria	Litter	Grass	Block_8	2018-Drought	2018-Ambient
301	20LRXSeptember201716S	0.902610799857793	20LRXSeptember201716S	2017	Q3	Fall	20LRX	Drought	Ambient	Sarai	Bacteria	Litter	Grass	Block_8	2017-Drought	2017-Ambient
302	20RRNDecember201616S	0.865294717931786	20RRNDecember201616S	2016	Q4	Winter	20RRN	Drought	Added	Sarai	Bacteria	Litter	Grass	Block_8	2016-Drought	2016-Added
303	20RRNDecember201716S	0.764852177222914	20RRNDecember201716S	2017	Q4	Winter	20RRN	Drought	Added	Sarai	Bacteria	Litter	Grass	Block_8	2017-Drought	2017-Added
304	20RRNMarch201716S	0.929850498992949	20RRNMarch201716S	2017	Q1	Spring	20RRN	Drought	Added	Sarai	Bacteria	Litter	Grass	Block_8	2017-Drought	2017-Added
305	20RRNMarch201816S	0.912462166347782	20RRNMarch201816S	2018	Q1	Spring	20RRN	Drought	Added	Sarai	Bacteria	Litter	Grass	Block_8	2018-Drought	2018-Added
306	22LXXAugust201616S	0.881838754335119	22LXXAugust201616S	2016	Q3	Fall	22LXX	Ambient	Ambient	Sarai	Bacteria	Litter	Grass	Block_8	2016-Ambient	2016-Ambient
307	22LXXDecember201616S	0.883406588912044	22LXXDecember201616S	2016	Q4	Winter	22LXX	Ambient	Ambient	Sarai	Bacteria	Litter	Grass	Block_8	2016-Ambient	2016-Ambient
308	22LXXDecember201716S	0.857048722911597	22LXXDecember201716S	2017	Q4	Winter	22LXX	Ambient	Ambient	Sarai	Bacteria	Litter	Grass	Block_8	2017-Ambient	2017-Ambient
309	22LXXMarch201716S	0.921789274860631	22LXXMarch201716S	2017	Q1	Spring	22LXX	Ambient	Ambient	Sarai	Bacteria	Litter	Grass	Block_8	2017-Ambient	2017-Ambient
310	22LXXMarch201816S	0.882824354967294	22LXXMarch201816S	2018	Q1	Spring	22LXX	Ambient	Ambient	Sarai	Bacteria	Litter	Grass	Block_8	2018-Ambient	2018-Ambient
311	22RXNAugust201616S	0.933924755014987	22RXNAugust201616S	2016	Q3	Fall	22RXN	Ambient	Added	Sarai	Bacteria	Litter	Grass	Block_8	2016-Ambient	2016-Added
312	22RXNDecember201616S	0.825225407632121	22RXNDecember201616S	2016	Q4	Winter	22RXN	Ambient	Added	Sarai	Bacteria	Litter	Grass	Block_8	2016-Ambient	2016-Added
313	22RXNDecember201716S	0.889585193053749	22RXNDecember201716S	2017	Q4	Winter	22RXN	Ambient	Added	Sarai	Bacteria	Litter	Grass	Block_8	2017-Ambient	2017-Added
314	22RXNJune201716S	0.879922972367722	22RXNJune201716S	2017	Q2	Summer	22RXN	Ambient	Added	Sarai	Bacteria	Litter	Grass	Block_8	2017-Ambient	2017-Added
315	22RXNMarch201716S	0.903201416770642	22RXNMarch201716S	2017	Q1	Spring	22RXN	Ambient	Added	Sarai	Bacteria	Litter	Grass	Block_8	2017-Ambient	2017-Added
316	22RXNMarch201816S	0.921896839850906	22RXNMarch201816S	2018	Q1	Spring	22RXN	Ambient	Added	Sarai	Bacteria	Litter	Grass	Block_8	2018-Ambient	2018-Added
317	22RXNSeptember201716S	0.863403436603676	22RXNSeptember201716S	2017	Q3	Fall	22RXN	Ambient	Added	Sarai	Bacteria	Litter	Grass	Block_8	2017-Ambient	2017-Added
318	4LXXDecember201616S	0.865570269902813	4LXXDecember201616S	2016	Q4	Winter	04LXX	Ambient	Ambient	Sarai	Bacteria	Litter	Grass	Block_2	2016-Ambient	2016-Ambient
319	4LXXDecember201716S	0.902625796734769	4LXXDecember201716S	2017	Q4	Winter	04LXX	Ambient	Ambient	Sarai	Bacteria	Litter	Grass	Block_2	2017-Ambient	2017-Ambient
320	4LXXMarch201716S	0.87071252319054	4LXXMarch201716S	2017	Q1	Spring	04LXX	Ambient	Ambient	Sarai	Bacteria	Litter	Grass	Block_2	2017-Ambient	2017-Ambient
321	4LXXMarch201816S	0.904596369853805	4LXXMarch201816S	2018	Q1	Spring	04LXX	Ambient	Ambient	Sarai	Bacteria	Litter	Grass	Block_2	2018-Ambient	2018-Ambient
322	4RXNAugust201616S	0.945817972664791	4RXNAugust201616S	2016	Q3	Fall	04RXN	Ambient	Added	Sarai	Bacteria	Litter	Grass	Block_2	2016-Ambient	2016-Added
323	4RXNDecember201616S	0.901510789921768	4RXNDecember201616S	2016	Q4	Winter	04RXN	Ambient	Added	Sarai	Bacteria	Litter	Grass	Block_2	2016-Ambient	2016-Added
324	4RXNDecember201716S	0.851858892144883	4RXNDecember201716S	2017	Q4	Winter	04RXN	Ambient	Added	Sarai	Bacteria	Litter	Grass	Block_2	2017-Ambient	2017-Added
325	4RXNJune201716S	0.851480514008479	4RXNJune201716S	2017	Q2	Summer	04RXN	Ambient	Added	Sarai	Bacteria	Litter	Grass	Block_2	2017-Ambient	2017-Added
326	4RXNMarch201716S	0.929999147059146	4RXNMarch201716S	2017	Q1	Spring	04RXN	Ambient	Added	Sarai	Bacteria	Litter	Grass	Block_2	2017-Ambient	2017-Added
327	4RXNMarch201816S	0.924763274804974	4RXNMarch201816S	2018	Q1	Spring	04RXN	Ambient	Added	Sarai	Bacteria	Litter	Grass	Block_2	2018-Ambient	2018-Added
328	4RXNSeptember201716S	0.958516545548199	4RXNSeptember201716S	2017	Q3	Fall	04RXN	Ambient	Added	Sarai	Bacteria	Litter	Grass	Block_2	2017-Ambient	2017-Added
329	5LRNDecember201616S	0.906549741966947	5LRNDecember201616S	2016	Q4	Winter	05LRN	Drought	Added	Sarai	Bacteria	Litter	Grass	Block_2	2016-Drought	2016-Added
330	5LRNDecember201716S	0.859031683332496	5LRNDecember201716S	2017	Q4	Winter	05LRN	Drought	Added	Sarai	Bacteria	Litter	Grass	Block_2	2017-Drought	2017-Added
331	5LRNMarch201716S	0.925949699434574	5LRNMarch201716S	2017	Q1	Spring	05LRN	Drought	Added	Sarai	Bacteria	Litter	Grass	Block_2	2017-Drought	2017-Added
332	5LRNMarch201816S	0.705335330341407	5LRNMarch201816S	2018	Q1	Spring	05LRN	Drought	Added	Sarai	Bacteria	Litter	Grass	Block_2	2018-Drought	2018-Added
333	5LRNSeptember201716S	0.887981701135891	5LRNSeptember201716S	2017	Q3	Fall	05LRN	Drought	Added	Sarai	Bacteria	Litter	Grass	Block_2	2017-Drought	2017-Added
334	5RRXAugust201616S	0.923925330101427	5RRXAugust201616S	2016	Q3	Fall	05RRX	Drought	Ambient	Sarai	Bacteria	Litter	Grass	Block_2	2016-Drought	2016-Ambient
335	5RRXDecember201616S	0.911624567229944	5RRXDecember201616S	2016	Q4	Winter	05RRX	Drought	Ambient	Sarai	Bacteria	Litter	Grass	Block_2	2016-Drought	2016-Ambient
336	5RRXJune201716S	0.929802190414607	5RRXJune201716S	2017	Q2	Summer	05RRX	Drought	Ambient	Sarai	Bacteria	Litter	Grass	Block_2	2017-Drought	2017-Ambient
337	5RRXMarch201716S	0.929742711448115	5RRXMarch201716S	2017	Q1	Spring	05RRX	Drought	Ambient	Sarai	Bacteria	Litter	Grass	Block_2	2017-Drought	2017-Ambient
338	5RRXMarch201816S	0.866597970480567	5RRXMarch201816S	2018	Q1	Spring	05RRX	Drought	Ambient	Sarai	Bacteria	Litter	Grass	Block_2	2018-Drought	2018-Ambient
339	5RRXSeptember201716S	0.8714414592371	5RRXSeptember201716S	2017	Q3	Fall	05RRX	Drought	Ambient	Sarai	Bacteria	Litter	Grass	Block_2	2017-Drought	2017-Ambient
340	7LRXDecember201616S	0.866293733498404	7LRXDecember201616S	2016	Q4	Winter	07LRX	Drought	Ambient	Sarai	Bacteria	Litter	Grass	Block_3	2016-Drought	2016-Ambient
341	7LRXDecember201716S	0.938024354402081	7LRXDecember201716S	2017	Q4	Winter	07LRX	Drought	Ambient	Sarai	Bacteria	Litter	Grass	Block_3	2017-Drought	2017-Ambient
342	7LRXMarch201716S	0.837659914601882	7LRXMarch201716S	2017	Q1	Spring	07LRX	Drought	Ambient	Sarai	Bacteria	Litter	Grass	Block_3	2017-Drought	2017-Ambient
343	7LRXMarch201816S	0.888419326181867	7LRXMarch201816S	2018	Q1	Spring	07LRX	Drought	Ambient	Sarai	Bacteria	Litter	Grass	Block_3	2018-Drought	2018-Ambient
344	7LRXSeptember201716S	0.368007236468626	7LRXSeptember201716S	2017	Q3	Fall	07LRX	Drought	Ambient	Sarai	Bacteria	Litter	Grass	Block_3	2017-Drought	2017-Ambient
345	7RRNDecember201616S	0.853506989258898	7RRNDecember201616S	2016	Q4	Winter	07RRN	Drought	Added	Sarai	Bacteria	Litter	Grass	Block_3	2016-Drought	2016-Added
346	7RRNDecember201716S	0.869412443308108	7RRNDecember201716S	2017	Q4	Winter	07RRN	Drought	Added	Sarai	Bacteria	Litter	Grass	Block_3	2017-Drought	2017-Added
347	7RRNJune201716S	0.267627551799765	7RRNJune201716S	2017	Q2	Summer	07RRN	Drought	Added	Sarai	Bacteria	Litter	Grass	Block_3	2017-Drought	2017-Added
348	7RRNMarch201716S	0.880582055530574	7RRNMarch201716S	2017	Q1	Spring	07RRN	Drought	Added	Sarai	Bacteria	Litter	Grass	Block_3	2017-Drought	2017-Added
349	7RRNMarch201816S	0.895423360307807	7RRNMarch201816S	2018	Q1	Spring	07RRN	Drought	Added	Sarai	Bacteria	Litter	Grass	Block_3	2018-Drought	2018-Added
350	7RRNSeptember201716S	0.775784875850869	7RRNSeptember201716S	2017	Q3	Fall	07RRN	Drought	Added	Sarai	Bacteria	Litter	Grass	Block_3	2017-Drought	2017-Added
351	8LXXAugust201616S	0.895312459893677	8LXXAugust201616S	2016	Q3	Fall	08LXX	Ambient	Ambient	Sarai	Bacteria	Litter	Grass	Block_3	2016-Ambient	2016-Ambient
352	8LXXDecember201616S	0.85487369985355	8LXXDecember201616S	2016	Q4	Winter	08LXX	Ambient	Ambient	Sarai	Bacteria	Litter	Grass	Block_3	2016-Ambient	2016-Ambient
353	8LXXDecember201716S	0.787626446037127	8LXXDecember201716S	2017	Q4	Winter	08LXX	Ambient	Ambient	Sarai	Bacteria	Litter	Grass	Block_3	2017-Ambient	2017-Ambient
354	8LXXMarch201716S	0.90710038566218	8LXXMarch201716S	2017	Q1	Spring	08LXX	Ambient	Ambient	Sarai	Bacteria	Litter	Grass	Block_3	2017-Ambient	2017-Ambient
355	8LXXMarch201816S	0.906752081044621	8LXXMarch201816S	2018	Q1	Spring	08LXX	Ambient	Ambient	Sarai	Bacteria	Litter	Grass	Block_3	2018-Ambient	2018-Ambient
356	8LXXSeptember201716S	0.885426460642617	8LXXSeptember201716S	2017	Q3	Fall	08LXX	Ambient	Ambient	Sarai	Bacteria	Litter	Grass	Block_3	2017-Ambient	2017-Ambient
357	8RXNAugust201616S	0.91870314723182	8RXNAugust201616S	2016	Q3	Fall	08RXN	Ambient	Added	Sarai	Bacteria	Litter	Grass	Block_3	2016-Ambient	2016-Added
358	8RXNDecember201616S	0.92062522821197	8RXNDecember201616S	2016	Q4	Winter	08RXN	Ambient	Added	Sarai	Bacteria	Litter	Grass	Block_3	2016-Ambient	2016-Added
359	8RXNDecember201716S	0.84401444193993	8RXNDecember201716S	2017	Q4	Winter	08RXN	Ambient	Added	Sarai	Bacteria	Litter	Grass	Block_3	2017-Ambient	2017-Added
360	8RXNMarch201716S	0.90498328518257	8RXNMarch201716S	2017	Q1	Spring	08RXN	Ambient	Added	Sarai	Bacteria	Litter	Grass	Block_3	2017-Ambient	2017-Added
361	8RXNMarch201816S	0.924559447924589	8RXNMarch201816S	2018	Q1	Spring	08RXN	Ambient	Added	Sarai	Bacteria	Litter	Grass	Block_3	2018-Ambient	2018-Added
362	8RXNSeptember201716S	0.872373456605074	8RXNSeptember201716S	2017	Q3	Fall	08RXN	Ambient	Added	Sarai	Bacteria	Litter	Grass	Block_3	2017-Ambient	2017-Added
363	P001-CTACAGGGTCTC	0.881123995619873	2018-Q3-07LRX	2018	Q3	Fall	07LRX	Drought	Ambient	Andie_plate2	Bacteria	Litter	Grass	Block_3	2018-Drought	2018-Ambient
364	P002-GTTCATTAAACT	0.867533392474638	2015-Q4-20LRX	2015	Q4	Winter	20LRX	Drought	Ambient	Andie_plate2	Bacteria	Litter	Grass	Block_8	2015-Drought	2015-Ambient
365	P003-TTCGATGCCGCA	0.854118377077577	2015-Q2-18LXN	2015	Q2	Summer	18LXN	Ambient	Added	Andie_plate2	Bacteria	Litter	Grass	Block_6	2015-Ambient	2015-Added
366	P004-TCGTTATTCAGT	0.748050804192252	2022-Q4-14LRN	2022	Q4	Winter	14LRN	Drought	Added	Andie_plate2	Bacteria	Litter	Grass	Block_6	2022-Drought	2022-Added
367	P006-ATATGTTCTCAA	0.903626110285029	2015-Q4-04RXN	2015	Q4	Winter	04RXN	Ambient	Added	Andie_plate2	Bacteria	Litter	Grass	Block_2	2015-Ambient	2015-Added
368	P007-TCAGACCAACTG	0.819159357721186	2012-Q2-08LXX	2012	Q2	Summer	08LXX	Ambient	Ambient	Andie_plate2	Bacteria	Litter	Grass	Block_3	2012-Ambient	2012-Ambient
369	P008-TCATTAGCGTGG	0.858759742293724	2018-Q4-22LXX	2018	Q4	Winter	22LXX	Ambient	Ambient	Andie_plate2	Bacteria	Litter	Grass	Block_8	2018-Ambient	2018-Ambient
370	P009-CTTGGAGGCTTA	0.909934743241097	2015-Q2-14RRX	2015	Q2	Summer	14RRX	Drought	Ambient	Andie_plate2	Bacteria	Litter	Grass	Block_6	2015-Drought	2015-Ambient
371	P010-GTGCCGGCCGAC	0.911773711437767	2015-Q4-14RRX	2015	Q4	Winter	14RRX	Drought	Ambient	Andie_plate2	Bacteria	Litter	Grass	Block_6	2015-Drought	2015-Ambient
372	P011-AGAGGGTGATCG	0.839241188747371	2022-Q4-04LXX	2022	Q4	Winter	04LXX	Ambient	Ambient	Andie_plate2	Bacteria	Litter	Grass	Block_2	2022-Ambient	2022-Ambient
373	P013-TCATGGCCTCCG	0.91420473076718	2019-Q3-07LRX	2019	Q3	Fall	07LRX	Drought	Ambient	Andie_plate2	Bacteria	Litter	Grass	Block_3	2019-Drought	2019-Ambient
374	P014-ATGTGCTGCTCG	0.878729845080427	2012-Q2-20LRX	2012	Q2	Summer	20LRX	Drought	Ambient	Andie_plate2	Bacteria	Litter	Grass	Block_8	2012-Drought	2012-Ambient
375	P015-CCACGAGCAGGC	0.797779180194274	2020-Q2-18RXX	2020	Q2	Summer	18RXX	Ambient	Ambient	Andie_plate2	Bacteria	Litter	Grass	Block_6	2020-Ambient	2020-Ambient
376	P016-CGCCGTACTTGC	0.877246646605555	2014-Q4-07LRX	2014	Q4	Winter	07LRX	Drought	Ambient	Andie_plate2	Bacteria	Litter	Grass	Block_3	2014-Drought	2014-Ambient
377	P017-TATCATATTACG	0.857345680683745	2012-Q2-07LRX	2012	Q2	Summer	07LRX	Drought	Ambient	Andie_plate2	Bacteria	Litter	Grass	Block_3	2012-Drought	2012-Ambient
378	P018-CCTTGACCGATG	0.765155696725558	2022-Q4-14RRX	2022	Q4	Winter	14RRX	Drought	Ambient	Andie_plate2	Bacteria	Litter	Grass	Block_6	2022-Drought	2022-Ambient
379	P019-AGCTCTAGAAAC	0.874964578756501	2015-Q1-05RRX	2015	Q1	Spring	05RRX	Drought	Ambient	Andie_plate2	Bacteria	Litter	Grass	Block_2	2015-Drought	2015-Ambient
380	P020-AATGTTCAACTT	0.870205884098741	2018-Q4-20LRX	2018	Q4	Winter	20LRX	Drought	Ambient	Andie_plate2	Bacteria	Litter	Grass	Block_8	2018-Drought	2018-Ambient
381	P021-CAATCATAGGTG	0.844139458376736	2019-Q2-05RRX	2019	Q2	Summer	05RRX	Drought	Ambient	Andie_plate2	Bacteria	Litter	Grass	Block_2	2019-Drought	2019-Ambient
382	P022-CCGATAAAGGTT	0.89120557005022	2015-Q1-07LRX	2015	Q1	Spring	07LRX	Drought	Ambient	Andie_plate2	Bacteria	Litter	Grass	Block_3	2015-Drought	2015-Ambient
383	P023-GCGTGCCCGGCC	0.835689701378267	2019-Q3-05RRX	2019	Q3	Fall	05RRX	Drought	Ambient	Andie_plate2	Bacteria	Litter	Grass	Block_2	2019-Drought	2019-Ambient
384	P024-TAAACCTGGACA	0.88651535679136	2019-Q2-20LRX	2019	Q2	Summer	20LRX	Drought	Ambient	Andie_plate2	Bacteria	Litter	Grass	Block_8	2019-Drought	2019-Ambient
385	P025-CTATATTATCCG	0.83730395428235	2018-Q2-22RXN	2018	Q2	Summer	22RXN	Ambient	Added	Andie_plate2	Bacteria	Litter	Grass	Block_8	2018-Ambient	2018-Added
386	P026-CAAACTGCGTTG	0.844558709794797	2022-Q3-08RXN	2022	Q3	Fall	08RXN	Ambient	Added	Andie_plate2	Bacteria	Litter	Grass	Block_3	2022-Ambient	2022-Added
387	P027-CTGACACGAATA	0.915901644386885	2019-Q1-05RRX	2019	Q1	Spring	05RRX	Drought	Ambient	Andie_plate2	Bacteria	Litter	Grass	Block_2	2019-Drought	2019-Ambient
388	P028-AGCAGTGCGGTG	0.870977871805797	2015-Q1-08RXN	2015	Q1	Spring	08RXN	Ambient	Added	Andie_plate2	Bacteria	Litter	Grass	Block_3	2015-Ambient	2015-Added
389	P029-GTTGGACGAAGG	0.840487137331894	2015-Q2-18RXX	2015	Q2	Summer	18RXX	Ambient	Ambient	Andie_plate2	Bacteria	Litter	Grass	Block_6	2015-Ambient	2015-Ambient
390	P030-CAGGAACCAGGA	0.822258303101014	2014-Q4-18LXN	2014	Q4	Winter	18LXN	Ambient	Added	Andie_plate2	Bacteria	Litter	Grass	Block_6	2014-Ambient	2014-Added
391	P031-CAAAGGAGCCCG	0.806774962473058	2015-Q2-20LRX	2015	Q2	Summer	20LRX	Drought	Ambient	Andie_plate2	Bacteria	Litter	Grass	Block_8	2015-Drought	2015-Ambient
392	P032-CCAACCCAGATC	0.840134892136914	2019-Q3-04RXN	2019	Q3	Fall	04RXN	Ambient	Added	Andie_plate2	Bacteria	Litter	Grass	Block_2	2019-Ambient	2019-Added
393	P033-ACCGAACAATCC	0.834263193695095	2022-Q3-08LXX	2022	Q3	Fall	08LXX	Ambient	Ambient	Andie_plate2	Bacteria	Litter	Grass	Block_3	2022-Ambient	2022-Ambient
394	P034-TCGAGAGTTTGC	0.922961254209559	2020-Q3-04RXN	2020	Q3	Fall	04RXN	Ambient	Added	Andie_plate2	Bacteria	Litter	Grass	Block_2	2020-Ambient	2020-Added
395	P035-GCTGCCCACCTA	0.799472599943627	2022-Q4-18RXX	2022	Q4	Winter	18RXX	Ambient	Ambient	Andie_plate2	Bacteria	Litter	Grass	Block_6	2022-Ambient	2022-Ambient
396	P036-GCATATGCACTG	0.8024216087857	2014-Q4-22LXX	2014	Q4	Winter	22LXX	Ambient	Ambient	Andie_plate2	Bacteria	Litter	Grass	Block_8	2014-Ambient	2014-Ambient
397	P037-GTCACTCCGAAC	0.890611106810074	2015-Q1-14RRX	2015	Q1	Spring	14RRX	Drought	Ambient	Andie_plate2	Bacteria	Litter	Grass	Block_6	2015-Drought	2015-Ambient
398	P038-GCATAAACGACT	0.887587230614198	2020-Q3-05LRN	2020	Q3	Fall	05LRN	Drought	Added	Andie_plate2	Bacteria	Litter	Grass	Block_2	2020-Drought	2020-Added
399	P039-TGCGGCGTCAGG	0.869456719760879	2018-Q4-22RXN	2018	Q4	Winter	22RXN	Ambient	Added	Andie_plate2	Bacteria	Litter	Grass	Block_8	2018-Ambient	2018-Added
400	P040-TTAAGTTAAGTT	0.818949993051673	2018-Q4-04LXX	2018	Q4	Winter	04LXX	Ambient	Ambient	Andie_plate2	Bacteria	Litter	Grass	Block_2	2018-Ambient	2018-Ambient
401	P041-ACGGTACCCTAC	0.897243048592289	2015-Q4-18RXX	2015	Q4	Winter	18RXX	Ambient	Ambient	Andie_plate2	Bacteria	Litter	Grass	Block_6	2015-Ambient	2015-Ambient
402	P042-CGACACGGAGAA	0.876220396174439	2022-Q1-22RXN	2022	Q1	Spring	22RXN	Ambient	Added	Andie_plate2	Bacteria	Litter	Grass	Block_8	2022-Ambient	2022-Added
403	P043-GCGTTTGCTAGC	0.794087777256318	2022-Q2-05LRN	2022	Q2	Summer	05LRN	Drought	Added	Andie_plate2	Bacteria	Litter	Grass	Block_2	2022-Drought	2022-Added
404	P044-CCGGCGACAGAA	0.809149697347917	2018-Q2-05RRX	2018	Q2	Summer	05RRX	Drought	Ambient	Andie_plate2	Bacteria	Litter	Grass	Block_2	2018-Drought	2018-Ambient
405	P045-CGTTCTGGTGGT	0.825990747274867	2012-Q2-05RRX	2012	Q2	Summer	05RRX	Drought	Ambient	Andie_plate2	Bacteria	Litter	Grass	Block_2	2012-Drought	2012-Ambient
406	P046-ATCGTAGTGGTC	0.934474475664524	2022-Q2-04RXN	2022	Q2	Summer	04RXN	Ambient	Added	Andie_plate2	Bacteria	Litter	Grass	Block_2	2022-Ambient	2022-Added
407	P047-CGCTGTGGATTA	0.612623860243999	2015-Q1-18LXN	2015	Q1	Spring	18LXN	Ambient	Added	Andie_plate2	Bacteria	Litter	Grass	Block_6	2015-Ambient	2015-Added
408	P048-AGCCGCGGGTCC	0.839723969228079	2020-Q2-08RXN	2020	Q2	Summer	08RXN	Ambient	Added	Andie_plate2	Bacteria	Litter	Grass	Block_3	2020-Ambient	2020-Added
409	P049-TGAGTCATTGAG	0.91522965552922	2020-Q4-14LRN	2020	Q4	Winter	14LRN	Drought	Added	Andie_plate2	Bacteria	Litter	Grass	Block_6	2020-Drought	2020-Added
410	P050-TCCACAGGGTTC	0.857316810614404	2014-Q4-04LXX	2014	Q4	Winter	04LXX	Ambient	Ambient	Andie_plate2	Bacteria	Litter	Grass	Block_2	2014-Ambient	2014-Ambient
411	P051-AGATCGTGCCTA	0.832032531202492	2014-Q4-08LXX	2014	Q4	Winter	08LXX	Ambient	Ambient	Andie_plate2	Bacteria	Litter	Grass	Block_3	2014-Ambient	2014-Ambient
412	P052-CCTCACTAGCGA	0.884225559309604	2019-Q1-04RXN	2019	Q1	Spring	04RXN	Ambient	Added	Andie_plate2	Bacteria	Litter	Grass	Block_2	2019-Ambient	2019-Added
413	P053-TAGTTCGGTGAC	0.883474750301315	2022-Q1-04LXX	2022	Q1	Spring	04LXX	Ambient	Ambient	Andie_plate2	Bacteria	Litter	Grass	Block_2	2022-Ambient	2022-Ambient
414	P054-ACTAAAGCAAAC	0.892344140902594	2015-Q4-18LXN	2015	Q4	Winter	18LXN	Ambient	Added	Andie_plate2	Bacteria	Litter	Grass	Block_6	2015-Ambient	2015-Added
415	P055-CTTGCTCATAAT	0.798348264823944	2019-Q3-22LXX	2019	Q3	Fall	22LXX	Ambient	Ambient	Andie_plate2	Bacteria	Litter	Grass	Block_8	2019-Ambient	2019-Ambient
416	P056-GGTAGTTCATAG	0.849935219654177	2012-Q2-20RRN	2012	Q2	Summer	20RRN	Drought	Added	Andie_plate2	Bacteria	Litter	Grass	Block_8	2012-Drought	2012-Added
417	P057-ACCTACTTGTCT	0.898168084154076	2015-Q4-22LXX	2015	Q4	Winter	22LXX	Ambient	Ambient	Andie_plate2	Bacteria	Litter	Grass	Block_8	2015-Ambient	2015-Ambient
418	P058-GGAGAACGACAC	0.884652578567147	2022-Q2-20LRX	2022	Q2	Summer	20LRX	Drought	Ambient	Andie_plate2	Bacteria	Litter	Grass	Block_8	2022-Drought	2022-Ambient
419	P060-CTAATCAGAGTG	0.8871350748129	2020-Q2-14LRN	2020	Q2	Summer	14LRN	Drought	Added	Andie_plate2	Bacteria	Litter	Grass	Block_6	2020-Drought	2020-Added
420	P061-TTAATGGATCGG	0.688327369217235	2019-Q1-20LRX	2019	Q1	Spring	20LRX	Drought	Ambient	Andie_plate2	Bacteria	Litter	Grass	Block_8	2019-Drought	2019-Ambient
421	P062-TAGGAACTCACC	0.706412292047025	2015-Q1-04RXN	2015	Q1	Spring	04RXN	Ambient	Added	Andie_plate2	Bacteria	Litter	Grass	Block_2	2015-Ambient	2015-Added
422	P063-ACGACAACGGGC	0.870245927073778	2019-Q1-08LXX	2019	Q1	Spring	08LXX	Ambient	Ambient	Andie_plate2	Bacteria	Litter	Grass	Block_3	2019-Ambient	2019-Ambient
423	P064-CGATGAATATCG	0.871591524862541	2018-Q4-14RRX	2018	Q4	Winter	14RRX	Drought	Ambient	Andie_plate2	Bacteria	Litter	Grass	Block_6	2018-Drought	2018-Ambient
424	P065-ACTGTGACGTCC	0.877471064230109	2022-Q2-05RRX	2022	Q2	Summer	05RRX	Drought	Ambient	Andie_plate2	Bacteria	Litter	Grass	Block_2	2022-Drought	2022-Ambient
425	P066-CCTACCATTGTT	0.830449954198107	2018-Q4-18LXN	2018	Q4	Winter	18LXN	Ambient	Added	Andie_plate2	Bacteria	Litter	Grass	Block_6	2018-Ambient	2018-Added
426	P067-CATTTCGCACTT	0.799763102799019	2019-Q2-22LXX	2019	Q2	Summer	22LXX	Ambient	Ambient	Andie_plate2	Bacteria	Litter	Grass	Block_8	2019-Ambient	2019-Ambient
427	P068-CTACTCCACGAG	0.821574690180022	2015-Q2-07LRX	2015	Q2	Summer	07LRX	Drought	Ambient	Andie_plate2	Bacteria	Litter	Grass	Block_3	2015-Drought	2015-Ambient
428	P069-TCAAGTCCGCAC	0.898705499717797	2019-Q1-22LXX	2019	Q1	Spring	22LXX	Ambient	Ambient	Andie_plate2	Bacteria	Litter	Grass	Block_8	2019-Ambient	2019-Ambient
429	P070-CTAGCGTGCGTT	0.884634213171246	2019-Q3-20LRX	2019	Q3	Fall	20LRX	Drought	Ambient	Andie_plate2	Bacteria	Litter	Grass	Block_8	2019-Drought	2019-Ambient
430	P071-GTTCTAAGGTGA	0.88906474415046	2019-Q3-20RRN	2019	Q3	Fall	20RRN	Drought	Added	Andie_plate2	Bacteria	Litter	Grass	Block_8	2019-Drought	2019-Added
