	Row.names	SOB	description	Year	Quarter	Season	Location_Code	Water.Treatment	Nitrogen	seqrun	Microbe	contents	Ecosystem	Block	YW	YN
1	14LRNDecember201616S	47	14LRNDecember201616S	2016	Q4	Winter	14LRN	Drought	Added	Sarai	Bacteria	Litter	Grass	Block_6	2016-Drought	2016-Added
2	14LRNJune201716S	11	14LRNJune201716S	2017	Q2	Summer	14LRN	Drought	Added	Sarai	Bacteria	Litter	Grass	Block_6	2017-Drought	2017-Added
3	14LRNMarch201716S	71	14LRNMarch201716S	2017	Q1	Spring	14LRN	Drought	Added	Sarai	Bacteria	Litter	Grass	Block_6	2017-Drought	2017-Added
4	14LRNMarch201816S	42	14LRNMarch201816S	2018	Q1	Spring	14LRN	Drought	Added	Sarai	Bacteria	Litter	Grass	Block_6	2018-Drought	2018-Added
5	14RRXAugust201616S	63	14RRXAugust201616S	2016	Q3	Fall	14RRX	Drought	Ambient	Sarai	Bacteria	Litter	Grass	Block_6	2016-Drought	2016-Ambient
6	14RRXDecember201616S	72	14RRXDecember201616S	2016	Q4	Winter	14RRX	Drought	Ambient	Sarai	Bacteria	Litter	Grass	Block_6	2016-Drought	2016-Ambient
7	14RRXDecember201716S	60	14RRXDecember201716S	2017	Q4	Winter	14RRX	Drought	Ambient	Sarai	Bacteria	Litter	Grass	Block_6	2017-Drought	2017-Ambient
8	14RRXJune201716S	34	14RRXJune201716S	2017	Q2	Summer	14RRX	Drought	Ambient	Sarai	Bacteria	Litter	Grass	Block_6	2017-Drought	2017-Ambient
9	14RRXMarch201716S	59	14RRXMarch201716S	2017	Q1	Spring	14RRX	Drought	Ambient	Sarai	Bacteria	Litter	Grass	Block_6	2017-Drought	2017-Ambient
10	14RRXMarch201816S	77	14RRXMarch201816S	2018	Q1	Spring	14RRX	Drought	Ambient	Sarai	Bacteria	Litter	Grass	Block_6	2018-Drought	2018-Ambient
11	14RRXSeptember201716S	28	14RRXSeptember201716S	2017	Q3	Fall	14RRX	Drought	Ambient	Sarai	Bacteria	Litter	Grass	Block_6	2017-Drought	2017-Ambient
12	18LXNAugust201616S	40	18LXNAugust201616S	2016	Q3	Fall	18LXN	Ambient	Added	Sarai	Bacteria	Litter	Grass	Block_6	2016-Ambient	2016-Added
13	18LXNDecember201616S	51	18LXNDecember201616S	2016	Q4	Winter	18LXN	Ambient	Added	Sarai	Bacteria	Litter	Grass	Block_6	2016-Ambient	2016-Added
14	18LXNDecember201716S	28	18LXNDecember201716S	2017	Q4	Winter	18LXN	Ambient	Added	Sarai	Bacteria	Litter	Grass	Block_6	2017-Ambient	2017-Added
15	18LXNJune201716S	64	18LXNJune201716S	2017	Q2	Summer	18LXN	Ambient	Added	Sarai	Bacteria	Litter	Grass	Block_6	2017-Ambient	2017-Added
16	18LXNMarch201716S	24	18LXNMarch201716S	2017	Q1	Spring	18LXN	Ambient	Added	Sarai	Bacteria	Litter	Grass	Block_6	2017-Ambient	2017-Added
17	18LXNMarch201816S	35	18LXNMarch201816S	2018	Q1	Spring	18LXN	Ambient	Added	Sarai	Bacteria	Litter	Grass	Block_6	2018-Ambient	2018-Added
18	18LXNSeptember201716S	35	18LXNSeptember201716S	2017	Q3	Fall	18LXN	Ambient	Added	Sarai	Bacteria	Litter	Grass	Block_6	2017-Ambient	2017-Added
19	18RXXAugust201616S	20	18RXXAugust201616S	2016	Q3	Fall	18RXX	Ambient	Ambient	Sarai	Bacteria	Litter	Grass	Block_6	2016-Ambient	2016-Ambient
20	18RXXDecember201716S	33	18RXXDecember201716S	2017	Q4	Winter	18RXX	Ambient	Ambient	Sarai	Bacteria	Litter	Grass	Block_6	2017-Ambient	2017-Ambient
21	18RXXJune201716S	15	18RXXJune201716S	2017	Q2	Summer	18RXX	Ambient	Ambient	Sarai	Bacteria	Litter	Grass	Block_6	2017-Ambient	2017-Ambient
22	18RXXMarch201716S	90	18RXXMarch201716S	2017	Q1	Spring	18RXX	Ambient	Ambient	Sarai	Bacteria	Litter	Grass	Block_6	2017-Ambient	2017-Ambient
23	18RXXMarch201816S	37	18RXXMarch201816S	2018	Q1	Spring	18RXX	Ambient	Ambient	Sarai	Bacteria	Litter	Grass	Block_6	2018-Ambient	2018-Ambient
24	18RXXSeptember201716S	30	18RXXSeptember201716S	2017	Q3	Fall	18RXX	Ambient	Ambient	Sarai	Bacteria	Litter	Grass	Block_6	2017-Ambient	2017-Ambient
25	2012Q204LXX	82	2012-Q2-04LXX	2012	Q2	Summer	04LXX	Ambient	Ambient	Plate134	Bacteria	Litter	Grass	Block_2	2012-Ambient	2012-Ambient
26	2012Q204RXN	120	2012-Q2-04RXN	2012	Q2	Summer	04RXN	Ambient	Added	Plate134	Bacteria	Litter	Grass	Block_2	2012-Ambient	2012-Added
27	2012Q205LRN	134	2012-Q2-05LRN	2012	Q2	Summer	05LRN	Drought	Added	Plate134	Bacteria	Litter	Grass	Block_2	2012-Drought	2012-Added
28	2012Q207RRN	73	2012-Q2-07RRN	2012	Q2	Summer	07RRN	Drought	Added	Plate134	Bacteria	Litter	Grass	Block_3	2012-Drought	2012-Added
29	2012Q208RXN	177	2012-Q2-08RXN	2012	Q2	Summer	08RXN	Ambient	Added	Plate134	Bacteria	Litter	Grass	Block_3	2012-Ambient	2012-Added
30	2012Q214LRN	145	2012-Q2-14LRN	2012	Q2	Summer	14LRN	Drought	Added	Plate134	Bacteria	Litter	Grass	Block_6	2012-Drought	2012-Added
31	2012Q214RRX	197	2012-Q2-14RRX	2012	Q2	Summer	14RRX	Drought	Ambient	Plate134	Bacteria	Litter	Grass	Block_6	2012-Drought	2012-Ambient
32	2012Q218LXN	46	2012-Q2-18LXN	2012	Q2	Summer	18LXN	Ambient	Added	Plate134	Bacteria	Litter	Grass	Block_6	2012-Ambient	2012-Added
33	2012Q218RXX	252	2012-Q2-18RXX	2012	Q2	Summer	18RXX	Ambient	Ambient	Plate134	Bacteria	Litter	Grass	Block_6	2012-Ambient	2012-Ambient
34	2012Q222LXX	65	2012-Q2-22LXX	2012	Q2	Summer	22LXX	Ambient	Ambient	Plate134	Bacteria	Litter	Grass	Block_8	2012-Ambient	2012-Ambient
35	2012Q222RXN	252	2012-Q2-22RXN	2012	Q2	Summer	22RXN	Ambient	Added	Plate134	Bacteria	Litter	Grass	Block_8	2012-Ambient	2012-Added
36	2014Q404RXN	177	2014-Q4-04RXN	2014	Q4	Winter	04RXN	Ambient	Added	Plate134	Bacteria	Litter	Grass	Block_2	2014-Ambient	2014-Added
37	2014Q405RRX	173	2014-Q4-05RRX	2014	Q4	Winter	05RRX	Drought	Ambient	Plate134	Bacteria	Litter	Grass	Block_2	2014-Drought	2014-Ambient
38	2014Q408RXN	165	2014-Q4-08RXN	2014	Q4	Winter	08RXN	Ambient	Added	Plate134	Bacteria	Litter	Grass	Block_3	2014-Ambient	2014-Added
39	2014Q414RRX	55	2014-Q4-14RRX	2014	Q4	Winter	14RRX	Drought	Ambient	Plate134	Bacteria	Litter	Grass	Block_6	2014-Drought	2014-Ambient
40	2014Q418RXX	278	2014-Q4-18RXX	2014	Q4	Winter	18RXX	Ambient	Ambient	Plate134	Bacteria	Litter	Grass	Block_6	2014-Ambient	2014-Ambient
41	2014Q420LRX	115	2014-Q4-20LRX	2014	Q4	Winter	20LRX	Drought	Ambient	Plate134	Bacteria	Litter	Grass	Block_8	2014-Drought	2014-Ambient
42	2014Q422RXN	121	2014-Q4-22RXN	2014	Q4	Winter	22RXN	Ambient	Added	Plate134	Bacteria	Litter	Grass	Block_8	2014-Ambient	2014-Added
43	2015Q104LXX	315	2015-Q1-04LXX	2015	Q1	Spring	04LXX	Ambient	Ambient	Plate134	Bacteria	Litter	Grass	Block_2	2015-Ambient	2015-Ambient
44	2015Q108LXX	197	2015-Q1-08LXX	2015	Q1	Spring	08LXX	Ambient	Ambient	Plate134	Bacteria	Litter	Grass	Block_3	2015-Ambient	2015-Ambient
45	2015Q118RXX	40	2015-Q1-18RXX	2015	Q1	Spring	18RXX	Ambient	Ambient	Plate134	Bacteria	Litter	Grass	Block_6	2015-Ambient	2015-Ambient
46	2015Q120LRX	66	2015-Q1-20LRX	2015	Q1	Spring	20LRX	Drought	Ambient	Plate134	Bacteria	Litter	Grass	Block_8	2015-Drought	2015-Ambient
47	2015Q122LXX	272	2015-Q1-22LXX	2015	Q1	Spring	22LXX	Ambient	Ambient	Plate134	Bacteria	Litter	Grass	Block_8	2015-Ambient	2015-Ambient
48	2015Q122RXN	222	2015-Q1-22RXN	2015	Q1	Spring	22RXN	Ambient	Added	Plate134	Bacteria	Litter	Grass	Block_8	2015-Ambient	2015-Added
49	2015Q204LXX	101	2015-Q2-04LXX	2015	Q2	Summer	04LXX	Ambient	Ambient	Plate134	Bacteria	Litter	Grass	Block_2	2015-Ambient	2015-Ambient
50	2015Q204RXN	103	2015-Q2-04RXN	2015	Q2	Summer	04RXN	Ambient	Added	Plate134	Bacteria	Litter	Grass	Block_2	2015-Ambient	2015-Added
51	2015Q205RRX	62	2015-Q2-05RRX	2015	Q2	Summer	05RRX	Drought	Ambient	Plate134	Bacteria	Litter	Grass	Block_2	2015-Drought	2015-Ambient
52	2015Q208LXX	81	2015-Q2-08LXX	2015	Q2	Summer	08LXX	Ambient	Ambient	Plate134	Bacteria	Litter	Grass	Block_3	2015-Ambient	2015-Ambient
53	2015Q208RXN	51	2015-Q2-08RXN	2015	Q2	Summer	08RXN	Ambient	Added	Plate134	Bacteria	Litter	Grass	Block_3	2015-Ambient	2015-Added
54	2015Q222LXX	113	2015-Q2-22LXX	2015	Q2	Summer	22LXX	Ambient	Ambient	Plate134	Bacteria	Litter	Grass	Block_8	2015-Ambient	2015-Ambient
55	2015Q222RXN	80	2015-Q2-22RXN	2015	Q2	Summer	22RXN	Ambient	Added	Plate134	Bacteria	Litter	Grass	Block_8	2015-Ambient	2015-Added
56	2015Q404LXX	39	2015-Q4-04LXX	2015	Q4	Winter	04LXX	Ambient	Ambient	Plate134	Bacteria	Litter	Grass	Block_2	2015-Ambient	2015-Ambient
57	2015Q405RRX	179	2015-Q4-05RRX	2015	Q4	Winter	05RRX	Drought	Ambient	Plate134	Bacteria	Litter	Grass	Block_2	2015-Drought	2015-Ambient
58	2015Q407LRX	45	2015-Q4-07LRX	2015	Q4	Winter	07LRX	Drought	Ambient	Plate134	Bacteria	Litter	Grass	Block_3	2015-Drought	2015-Ambient
59	2015Q408LXX	57	2015-Q4-08LXX	2015	Q4	Winter	08LXX	Ambient	Ambient	Plate134	Bacteria	Litter	Grass	Block_3	2015-Ambient	2015-Ambient
60	2015Q408RXN	82	2015-Q4-08RXN	2015	Q4	Winter	08RXN	Ambient	Added	Plate134	Bacteria	Litter	Grass	Block_3	2015-Ambient	2015-Added
61	2015Q422RXN	159	2015-Q4-22RXN	2015	Q4	Winter	22RXN	Ambient	Added	Plate134	Bacteria	Litter	Grass	Block_8	2015-Ambient	2015-Added
62	2018Q204LXX	131	2018-Q2-04LXX	2018	Q2	Summer	04LXX	Ambient	Ambient	Plate134	Bacteria	Litter	Grass	Block_2	2018-Ambient	2018-Ambient
63	2018Q204RXN	146	2018-Q2-04RXN	2018	Q2	Summer	04RXN	Ambient	Added	Plate134	Bacteria	Litter	Grass	Block_2	2018-Ambient	2018-Added
64	2018Q205LRN	135	2018-Q2-05LRN	2018	Q2	Summer	05LRN	Drought	Added	Plate134	Bacteria	Litter	Grass	Block_2	2018-Drought	2018-Added
65	2018Q207RRN	125	2018-Q2-07RRN	2018	Q2	Summer	07RRN	Drought	Added	Plate134	Bacteria	Litter	Grass	Block_3	2018-Drought	2018-Added
66	2018Q208LXX	134	2018-Q2-08LXX	2018	Q2	Summer	08LXX	Ambient	Ambient	Plate134	Bacteria	Litter	Grass	Block_3	2018-Ambient	2018-Ambient
67	2018Q208RXN	116	2018-Q2-08RXN	2018	Q2	Summer	08RXN	Ambient	Added	Plate134	Bacteria	Litter	Grass	Block_3	2018-Ambient	2018-Added
68	2018Q214LRN	139	2018-Q2-14LRN	2018	Q2	Summer	14LRN	Drought	Added	Plate134	Bacteria	Litter	Grass	Block_6	2018-Drought	2018-Added
69	2018Q214RRX	138	2018-Q2-14RRX	2018	Q2	Summer	14RRX	Drought	Ambient	Plate134	Bacteria	Litter	Grass	Block_6	2018-Drought	2018-Ambient
70	2018Q218LXN	51	2018-Q2-18LXN	2018	Q2	Summer	18LXN	Ambient	Added	Plate134	Bacteria	Litter	Grass	Block_6	2018-Ambient	2018-Added
71	2018Q218RXX	47	2018-Q2-18RXX	2018	Q2	Summer	18RXX	Ambient	Ambient	Plate134	Bacteria	Litter	Grass	Block_6	2018-Ambient	2018-Ambient
72	2018Q220LRX	100	2018-Q2-20LRX	2018	Q2	Summer	20LRX	Drought	Ambient	Plate134	Bacteria	Litter	Grass	Block_8	2018-Drought	2018-Ambient
73	2018Q222LXX	35	2018-Q2-22LXX	2018	Q2	Summer	22LXX	Ambient	Ambient	Plate134	Bacteria	Litter	Grass	Block_8	2018-Ambient	2018-Ambient
74	2018Q304LXX	139	2018-Q3-04LXX	2018	Q3	Fall	04LXX	Ambient	Ambient	Plate134	Bacteria	Litter	Grass	Block_2	2018-Ambient	2018-Ambient
75	2018Q304RXN	34	2018-Q3-04RXN	2018	Q3	Fall	04RXN	Ambient	Added	Plate134	Bacteria	Litter	Grass	Block_2	2018-Ambient	2018-Added
76	2018Q305LRN	137	2018-Q3-05LRN	2018	Q3	Fall	05LRN	Drought	Added	Plate134	Bacteria	Litter	Grass	Block_2	2018-Drought	2018-Added
77	2018Q305RRX	77	2018-Q3-05RRX	2018	Q3	Fall	05RRX	Drought	Ambient	Plate134	Bacteria	Litter	Grass	Block_2	2018-Drought	2018-Ambient
78	2018Q307LRX	159	2018-Q3-07LRX	2018	Q3	Fall	07LRX	Drought	Ambient	Plate134	Bacteria	Litter	Grass	Block_3	2018-Drought	2018-Ambient
79	2018Q307RRN	94	2018-Q3-07RRN	2018	Q3	Fall	07RRN	Drought	Added	Plate134	Bacteria	Litter	Grass	Block_3	2018-Drought	2018-Added
80	2018Q308LXX	201	2018-Q3-08LXX	2018	Q3	Fall	08LXX	Ambient	Ambient	Plate134	Bacteria	Litter	Grass	Block_3	2018-Ambient	2018-Ambient
81	2018Q308RXN	141	2018-Q3-08RXN	2018	Q3	Fall	08RXN	Ambient	Added	Plate134	Bacteria	Litter	Grass	Block_3	2018-Ambient	2018-Added
82	2018Q314LRN	130	2018-Q3-14LRN	2018	Q3	Fall	14LRN	Drought	Added	Plate134	Bacteria	Litter	Grass	Block_6	2018-Drought	2018-Added
83	2018Q314RRX	53	2018-Q3-14RRX	2018	Q3	Fall	14RRX	Drought	Ambient	Plate134	Bacteria	Litter	Grass	Block_6	2018-Drought	2018-Ambient
84	2018Q318LXN	121	2018-Q3-18LXN	2018	Q3	Fall	18LXN	Ambient	Added	Plate134	Bacteria	Litter	Grass	Block_6	2018-Ambient	2018-Added
85	2018Q318RXX	198	2018-Q3-18RXX	2018	Q3	Fall	18RXX	Ambient	Ambient	Plate134	Bacteria	Litter	Grass	Block_6	2018-Ambient	2018-Ambient
86	2018Q320RRN	156	2018-Q3-20RRN	2018	Q3	Fall	20RRN	Drought	Added	Plate134	Bacteria	Litter	Grass	Block_8	2018-Drought	2018-Added
87	2018Q322LXX	85	2018-Q3-22LXX	2018	Q3	Fall	22LXX	Ambient	Ambient	Plate134	Bacteria	Litter	Grass	Block_8	2018-Ambient	2018-Ambient
88	2018Q322RXN	258	2018-Q3-22RXN	2018	Q3	Fall	22RXN	Ambient	Added	Plate134	Bacteria	Litter	Grass	Block_8	2018-Ambient	2018-Added
89	2018Q405LRN	171	2018-Q4-05LRN	2018	Q4	Winter	05LRN	Drought	Added	Plate134	Bacteria	Litter	Grass	Block_2	2018-Drought	2018-Added
90	2018Q405RRX	107	2018-Q4-05RRX	2018	Q4	Winter	05RRX	Drought	Ambient	Plate134	Bacteria	Litter	Grass	Block_2	2018-Drought	2018-Ambient
91	2018Q407LRX	155	2018-Q4-07LRX	2018	Q4	Winter	07LRX	Drought	Ambient	Plate134	Bacteria	Litter	Grass	Block_3	2018-Drought	2018-Ambient
92	2018Q407RRN	138	2018-Q4-07RRN	2018	Q4	Winter	07RRN	Drought	Added	Plate134	Bacteria	Litter	Grass	Block_3	2018-Drought	2018-Added
93	2018Q408RXN	56	2018-Q4-08RXN	2018	Q4	Winter	08RXN	Ambient	Added	Plate134	Bacteria	Litter	Grass	Block_3	2018-Ambient	2018-Added
94	2018Q408RXN.2	246	2018-Q4-08RXN.2	2018	Q4	Winter	08RXN	Ambient	Added	Plate134	Bacteria	Litter	Grass	Block_3	2018-Ambient	2018-Added
95	2018Q414LRN	203	2018-Q4-14LRN	2018	Q4	Winter	14LRN	Drought	Added	Plate134	Bacteria	Litter	Grass	Block_6	2018-Drought	2018-Added
96	2018Q418RXX	206	2018-Q4-18RXX	2018	Q4	Winter	18RXX	Ambient	Ambient	Plate134	Bacteria	Litter	Grass	Block_6	2018-Ambient	2018-Ambient
97	2018Q420RRN	152	2018-Q4-20RRN	2018	Q4	Winter	20RRN	Drought	Added	Plate134	Bacteria	Litter	Grass	Block_8	2018-Drought	2018-Added
98	2019Q104LXX	250	2019-Q1-04LXX	2019	Q1	Spring	04LXX	Ambient	Ambient	Plate134	Bacteria	Litter	Grass	Block_2	2019-Ambient	2019-Ambient
99	2019Q105LRN	265	2019-Q1-05LRN	2019	Q1	Spring	05LRN	Drought	Added	Plate134	Bacteria	Litter	Grass	Block_2	2019-Drought	2019-Added
100	2019Q107LRX	250	2019-Q1-07LRX	2019	Q1	Spring	07LRX	Drought	Ambient	Plate134	Bacteria	Litter	Grass	Block_3	2019-Drought	2019-Ambient
101	2019Q107RRN	71	2019-Q1-07RRN	2019	Q1	Spring	07RRN	Drought	Added	Plate134	Bacteria	Litter	Grass	Block_3	2019-Drought	2019-Added
102	2019Q108RXN	223	2019-Q1-08RXN	2019	Q1	Spring	08RXN	Ambient	Added	Plate134	Bacteria	Litter	Grass	Block_3	2019-Ambient	2019-Added
103	2019Q114LRN	156	2019-Q1-14LRN	2019	Q1	Spring	14LRN	Drought	Added	Plate134	Bacteria	Litter	Grass	Block_6	2019-Drought	2019-Added
104	2019Q114RRX	167	2019-Q1-14RRX	2019	Q1	Spring	14RRX	Drought	Ambient	Plate134	Bacteria	Litter	Grass	Block_6	2019-Drought	2019-Ambient
105	2019Q118LXN	70	2019-Q1-18LXN	2019	Q1	Spring	18LXN	Ambient	Added	Plate134	Bacteria	Litter	Grass	Block_6	2019-Ambient	2019-Added
106	2019Q118RXX	161	2019-Q1-18RXX	2019	Q1	Spring	18RXX	Ambient	Ambient	Plate134	Bacteria	Litter	Grass	Block_6	2019-Ambient	2019-Ambient
107	2019Q122RXN	285	2019-Q1-22RXN	2019	Q1	Spring	22RXN	Ambient	Added	Plate134	Bacteria	Litter	Grass	Block_8	2019-Ambient	2019-Added
108	2019Q204RXN	172	2019-Q2-04RXN	2019	Q2	Summer	04RXN	Ambient	Added	Plate134	Bacteria	Litter	Grass	Block_2	2019-Ambient	2019-Added
109	2019Q205LRN	78	2019-Q2-05LRN	2019	Q2	Summer	05LRN	Drought	Added	Plate134	Bacteria	Litter	Grass	Block_2	2019-Drought	2019-Added
110	2019Q207LRX	364	2019-Q2-07LRX	2019	Q2	Summer	07LRX	Drought	Ambient	Plate134	Bacteria	Litter	Grass	Block_3	2019-Drought	2019-Ambient
111	2019Q207RRN	121	2019-Q2-07RRN	2019	Q2	Summer	07RRN	Drought	Added	Plate134	Bacteria	Litter	Grass	Block_3	2019-Drought	2019-Added
112	2019Q208LXX	148	2019-Q2-08LXX	2019	Q2	Summer	08LXX	Ambient	Ambient	Plate134	Bacteria	Litter	Grass	Block_3	2019-Ambient	2019-Ambient
113	2019Q208RXN	127	2019-Q2-08RXN	2019	Q2	Summer	08RXN	Ambient	Added	Plate134	Bacteria	Litter	Grass	Block_3	2019-Ambient	2019-Added
114	2019Q214LRN	113	2019-Q2-14LRN	2019	Q2	Summer	14LRN	Drought	Added	Plate134	Bacteria	Litter	Grass	Block_6	2019-Drought	2019-Added
115	2019Q214RRX	106	2019-Q2-14RRX	2019	Q2	Summer	14RRX	Drought	Ambient	Plate134	Bacteria	Litter	Grass	Block_6	2019-Drought	2019-Ambient
116	2019Q218LXN	190	2019-Q2-18LXN	2019	Q2	Summer	18LXN	Ambient	Added	Plate134	Bacteria	Litter	Grass	Block_6	2019-Ambient	2019-Added
117	2019Q218RXX	118	2019-Q2-18RXX	2019	Q2	Summer	18RXX	Ambient	Ambient	Plate134	Bacteria	Litter	Grass	Block_6	2019-Ambient	2019-Ambient
118	2019Q220RRN	118	2019-Q2-20RRN	2019	Q2	Summer	20RRN	Drought	Added	Plate134	Bacteria	Litter	Grass	Block_8	2019-Drought	2019-Added
119	2019Q222RXN	268	2019-Q2-22RXN	2019	Q2	Summer	22RXN	Ambient	Added	Plate134	Bacteria	Litter	Grass	Block_8	2019-Ambient	2019-Added
120	2019Q304LXX	117	2019-Q3-04LXX	2019	Q3	Fall	04LXX	Ambient	Ambient	Plate134	Bacteria	Litter	Grass	Block_2	2019-Ambient	2019-Ambient
121	2019Q305LRN	63	2019-Q3-05LRN	2019	Q3	Fall	05LRN	Drought	Added	Plate134	Bacteria	Litter	Grass	Block_2	2019-Drought	2019-Added
122	2019Q307RRN	168	2019-Q3-07RRN	2019	Q3	Fall	07RRN	Drought	Added	Plate134	Bacteria	Litter	Grass	Block_3	2019-Drought	2019-Added
123	2019Q308LXX	150	2019-Q3-08LXX	2019	Q3	Fall	08LXX	Ambient	Ambient	Plate134	Bacteria	Litter	Grass	Block_3	2019-Ambient	2019-Ambient
124	2019Q308RXN	74	2019-Q3-08RXN	2019	Q3	Fall	08RXN	Ambient	Added	Plate134	Bacteria	Litter	Grass	Block_3	2019-Ambient	2019-Added
125	2019Q314LRN	113	2019-Q3-14LRN	2019	Q3	Fall	14LRN	Drought	Added	Plate134	Bacteria	Litter	Grass	Block_6	2019-Drought	2019-Added
126	2019Q314RRX	132	2019-Q3-14RRX	2019	Q3	Fall	14RRX	Drought	Ambient	Plate134	Bacteria	Litter	Grass	Block_6	2019-Drought	2019-Ambient
127	2019Q318LXN	69	2019-Q3-18LXN	2019	Q3	Fall	18LXN	Ambient	Added	Plate134	Bacteria	Litter	Grass	Block_6	2019-Ambient	2019-Added
128	2019Q318RXX	144	2019-Q3-18RXX	2019	Q3	Fall	18RXX	Ambient	Ambient	Plate134	Bacteria	Litter	Grass	Block_6	2019-Ambient	2019-Ambient
129	2019Q322RXN	218	2019-Q3-22RXN	2019	Q3	Fall	22RXN	Ambient	Added	Plate134	Bacteria	Litter	Grass	Block_8	2019-Ambient	2019-Added
130	2019Q404LXX	64	2019-Q4-04LXX	2019	Q4	Winter	04LXX	Ambient	Ambient	Plate134	Bacteria	Litter	Grass	Block_2	2019-Ambient	2019-Ambient
131	2019Q404RXN	162	2019-Q4-04RXN	2019	Q4	Winter	04RXN	Ambient	Added	Plate134	Bacteria	Litter	Grass	Block_2	2019-Ambient	2019-Added
132	2019Q405LRN	35	2019-Q4-05LRN	2019	Q4	Winter	05LRN	Drought	Added	Plate134	Bacteria	Litter	Grass	Block_2	2019-Drought	2019-Added
133	2019Q405RRX	46	2019-Q4-05RRX	2019	Q4	Winter	05RRX	Drought	Ambient	Plate134	Bacteria	Litter	Grass	Block_2	2019-Drought	2019-Ambient
134	2019Q407LRX	19	2019-Q4-07LRX	2019	Q4	Winter	07LRX	Drought	Ambient	Plate134	Bacteria	Litter	Grass	Block_3	2019-Drought	2019-Ambient
135	2019Q407RRN	46	2019-Q4-07RRN	2019	Q4	Winter	07RRN	Drought	Added	Plate134	Bacteria	Litter	Grass	Block_3	2019-Drought	2019-Added
136	2019Q408LXX	189	2019-Q4-08LXX	2019	Q4	Winter	08LXX	Ambient	Ambient	Plate134	Bacteria	Litter	Grass	Block_3	2019-Ambient	2019-Ambient
137	2019Q408RXN	27	2019-Q4-08RXN	2019	Q4	Winter	08RXN	Ambient	Added	Plate134	Bacteria	Litter	Grass	Block_3	2019-Ambient	2019-Added
138	2019Q414LRN	210	2019-Q4-14LRN	2019	Q4	Winter	14LRN	Drought	Added	Plate134	Bacteria	Litter	Grass	Block_6	2019-Drought	2019-Added
139	2019Q418LXN	45	2019-Q4-18LXN	2019	Q4	Winter	18LXN	Ambient	Added	Plate134	Bacteria	Litter	Grass	Block_6	2019-Ambient	2019-Added
140	2019Q418RXX	121	2019-Q4-18RXX	2019	Q4	Winter	18RXX	Ambient	Ambient	Plate134	Bacteria	Litter	Grass	Block_6	2019-Ambient	2019-Ambient
141	2019Q420LRX	94	2019-Q4-20LRX	2019	Q4	Winter	20LRX	Drought	Ambient	Plate134	Bacteria	Litter	Grass	Block_8	2019-Drought	2019-Ambient
142	2019Q420RRN	285	2019-Q4-20RRN	2019	Q4	Winter	20RRN	Drought	Added	Plate134	Bacteria	Litter	Grass	Block_8	2019-Drought	2019-Added
143	2019Q422LXX	182	2019-Q4-22LXX	2019	Q4	Winter	22LXX	Ambient	Ambient	Plate134	Bacteria	Litter	Grass	Block_8	2019-Ambient	2019-Ambient
144	2019Q422RXN	28	2019-Q4-22RXN	2019	Q4	Winter	22RXN	Ambient	Added	Plate134	Bacteria	Litter	Grass	Block_8	2019-Ambient	2019-Added
145	2020100704LXXR1L	257	2020-10-07-04LXX-R1-L	2020	Q3	Fall	04LXX	Ambient	Ambient	Kristin	Bacteria	Litter	Grass	Block_2	2020-Ambient	2020-Ambient
146	2020100705RRXR1L	340	2020-10-07-05RRX-R1-L	2020	Q3	Fall	05RRX	Drought	Ambient	Kristin	Bacteria	Litter	Grass	Block_2	2020-Drought	2020-Ambient
147	2020100707LRXR1L	261	2020-10-07-07LRX-R1-L	2020	Q3	Fall	07LRX	Drought	Ambient	Kristin	Bacteria	Litter	Grass	Block_3	2020-Drought	2020-Ambient
148	2020100714RRXR1L	379	2020-10-07-14RRX-R1-L	2020	Q3	Fall	14RRX	Drought	Ambient	Kristin	Bacteria	Litter	Grass	Block_6	2020-Drought	2020-Ambient
149	2020100718RXXR1L	271	2020-10-07-18RXX-R1-L	2020	Q3	Fall	18RXX	Ambient	Ambient	Kristin	Bacteria	Litter	Grass	Block_6	2020-Ambient	2020-Ambient
150	2020100720LRXR1L	375	2020-10-07-20LRX-R1-L	2020	Q3	Fall	20LRX	Drought	Ambient	Kristin	Bacteria	Litter	Grass	Block_8	2020-Drought	2020-Ambient
151	2020100722LXXR1L	131	2020-10-07-22LXX-R1-L	2020	Q3	Fall	22LXX	Ambient	Ambient	Kristin	Bacteria	Litter	Grass	Block_8	2020-Ambient	2020-Ambient
152	2020111804LXXR1L	362	2020-11-18-04LXX-R1-L	2020	Q3	Fall	04LXX	Ambient	Ambient	Kristin	Bacteria	Litter	Grass	Block_2	2020-Ambient	2020-Ambient
153	2020111805RRXR1L	487	2020-11-18-05RRX-R1-L	2020	Q3	Fall	05RRX	Drought	Ambient	Kristin	Bacteria	Litter	Grass	Block_2	2020-Drought	2020-Ambient
154	2020111807LRXR1L	362	2020-11-18-07LRX-R1-L	2020	Q3	Fall	07LRX	Drought	Ambient	Kristin	Bacteria	Litter	Grass	Block_3	2020-Drought	2020-Ambient
155	2020111808LXXR1L	325	2020-11-18-08LXX-R1-L	2020	Q3	Fall	08LXX	Ambient	Ambient	Kristin	Bacteria	Litter	Grass	Block_3	2020-Ambient	2020-Ambient
156	2020111818RXXR1L	380	2020-11-18-18RXX-R1-L	2020	Q3	Fall	18RXX	Ambient	Ambient	Kristin	Bacteria	Litter	Grass	Block_6	2020-Ambient	2020-Ambient
157	2020111820LRXR1L	379	2020-11-18-20LRX-R1-L	2020	Q3	Fall	20LRX	Drought	Ambient	Kristin	Bacteria	Litter	Grass	Block_8	2020-Drought	2020-Ambient
158	2020Q104LXX	78	2020-Q1-04LXX	2020	Q1	Spring	04LXX	Ambient	Ambient	Plate134	Bacteria	Litter	Grass	Block_2	2020-Ambient	2020-Ambient
159	2020Q104RXN	68	2020-Q1-04RXN	2020	Q1	Spring	04RXN	Ambient	Added	Plate134	Bacteria	Litter	Grass	Block_2	2020-Ambient	2020-Added
160	2020Q105LRN	195	2020-Q1-05LRN	2020	Q1	Spring	05LRN	Drought	Added	Plate134	Bacteria	Litter	Grass	Block_2	2020-Drought	2020-Added
161	2020Q107LRX	84	2020-Q1-07LRX	2020	Q1	Spring	07LRX	Drought	Ambient	Plate134	Bacteria	Litter	Grass	Block_3	2020-Drought	2020-Ambient
162	2020Q107RRN	135	2020-Q1-07RRN	2020	Q1	Spring	07RRN	Drought	Added	Plate134	Bacteria	Litter	Grass	Block_3	2020-Drought	2020-Added
163	2020Q108LXX	54	2020-Q1-08LXX	2020	Q1	Spring	08LXX	Ambient	Ambient	Plate134	Bacteria	Litter	Grass	Block_3	2020-Ambient	2020-Ambient
164	2020Q108RXN	110	2020-Q1-08RXN	2020	Q1	Spring	08RXN	Ambient	Added	Plate134	Bacteria	Litter	Grass	Block_3	2020-Ambient	2020-Added
165	2020Q114LRN	180	2020-Q1-14LRN	2020	Q1	Spring	14LRN	Drought	Added	Plate134	Bacteria	Litter	Grass	Block_6	2020-Drought	2020-Added
166	2020Q114RRX	39	2020-Q1-14RRX	2020	Q1	Spring	14RRX	Drought	Ambient	Plate134	Bacteria	Litter	Grass	Block_6	2020-Drought	2020-Ambient
167	2020Q118LXN	80	2020-Q1-18LXN	2020	Q1	Spring	18LXN	Ambient	Added	Plate134	Bacteria	Litter	Grass	Block_6	2020-Ambient	2020-Added
168	2020Q118RXX	153	2020-Q1-18RXX	2020	Q1	Spring	18RXX	Ambient	Ambient	Plate134	Bacteria	Litter	Grass	Block_6	2020-Ambient	2020-Ambient
169	2020Q120LRX	153	2020-Q1-20LRX	2020	Q1	Spring	20LRX	Drought	Ambient	Plate134	Bacteria	Litter	Grass	Block_8	2020-Drought	2020-Ambient
170	2020Q120RRN	50	2020-Q1-20RRN	2020	Q1	Spring	20RRN	Drought	Added	Plate134	Bacteria	Litter	Grass	Block_8	2020-Drought	2020-Added
171	2020Q122LXX	268	2020-Q1-22LXX	2020	Q1	Spring	22LXX	Ambient	Ambient	Plate134	Bacteria	Litter	Grass	Block_8	2020-Ambient	2020-Ambient
172	2020Q122RXN	114	2020-Q1-22RXN	2020	Q1	Spring	22RXN	Ambient	Added	Plate134	Bacteria	Litter	Grass	Block_8	2020-Ambient	2020-Added
173	2020Q204LXX	182	2020-Q2-04LXX	2020	Q2	Summer	04LXX	Ambient	Ambient	Plate134	Bacteria	Litter	Grass	Block_2	2020-Ambient	2020-Ambient
174	2020Q204RXN	111	2020-Q2-04RXN	2020	Q2	Summer	04RXN	Ambient	Added	Plate134	Bacteria	Litter	Grass	Block_2	2020-Ambient	2020-Added
175	2020Q205LRN	130	2020-Q2-05LRN	2020	Q2	Summer	05LRN	Drought	Added	Plate134	Bacteria	Litter	Grass	Block_2	2020-Drought	2020-Added
176	2020Q205RRX	187	2020-Q2-05RRX	2020	Q2	Summer	05RRX	Drought	Ambient	Plate134	Bacteria	Litter	Grass	Block_2	2020-Drought	2020-Ambient
177	2020Q207LRX	138	2020-Q2-07LRX	2020	Q2	Summer	07LRX	Drought	Ambient	Plate134	Bacteria	Litter	Grass	Block_3	2020-Drought	2020-Ambient
178	2020Q208LXX	106	2020-Q2-08LXX	2020	Q2	Summer	08LXX	Ambient	Ambient	Plate134	Bacteria	Litter	Grass	Block_3	2020-Ambient	2020-Ambient
179	2020Q214RRX	180	2020-Q2-14RRX	2020	Q2	Summer	14RRX	Drought	Ambient	Plate134	Bacteria	Litter	Grass	Block_6	2020-Drought	2020-Ambient
180	2020Q220LRX	133	2020-Q2-20LRX	2020	Q2	Summer	20LRX	Drought	Ambient	Plate134	Bacteria	Litter	Grass	Block_8	2020-Drought	2020-Ambient
181	2020Q220RRN	59	2020-Q2-20RRN	2020	Q2	Summer	20RRN	Drought	Added	Plate134	Bacteria	Litter	Grass	Block_8	2020-Drought	2020-Added
182	2020Q222LXX	104	2020-Q2-22LXX	2020	Q2	Summer	22LXX	Ambient	Ambient	Plate134	Bacteria	Litter	Grass	Block_8	2020-Ambient	2020-Ambient
183	2020Q222RXN	104	2020-Q2-22RXN	2020	Q2	Summer	22RXN	Ambient	Added	Plate134	Bacteria	Litter	Grass	Block_8	2020-Ambient	2020-Added
184	2020Q307RRN	326	2020-Q3-07RRN	2020	Q3	Fall	07RRN	Drought	Added	Plate134	Bacteria	Litter	Grass	Block_3	2020-Drought	2020-Added
185	2020Q308RXN	126	2020-Q3-08RXN	2020	Q3	Fall	08RXN	Ambient	Added	Plate134	Bacteria	Litter	Grass	Block_3	2020-Ambient	2020-Added
186	2020Q314LRN	203	2020-Q3-14LRN	2020	Q3	Fall	14LRN	Drought	Added	Plate134	Bacteria	Litter	Grass	Block_6	2020-Drought	2020-Added
187	2020Q318LXN	31	2020-Q3-18LXN	2020	Q3	Fall	18LXN	Ambient	Added	Plate134	Bacteria	Litter	Grass	Block_6	2020-Ambient	2020-Added
188	2020Q320RRN	17	2020-Q3-20RRN	2020	Q3	Fall	20RRN	Drought	Added	Plate134	Bacteria	Litter	Grass	Block_8	2020-Drought	2020-Added
189	2020Q322RXN	149	2020-Q3-22RXN	2020	Q3	Fall	22RXN	Ambient	Added	Plate134	Bacteria	Litter	Grass	Block_8	2020-Ambient	2020-Added
190	2020Q404RXN	97	2020-Q4-04RXN	2020	Q4	Winter	04RXN	Ambient	Added	Plate134	Bacteria	Litter	Grass	Block_2	2020-Ambient	2020-Added
191	2020Q407RRN	471	2020-Q4-07RRN	2020	Q4	Winter	07RRN	Drought	Added	Plate134	Bacteria	Litter	Grass	Block_3	2020-Drought	2020-Added
192	2020Q408RXN	190	2020-Q4-08RXN	2020	Q4	Winter	08RXN	Ambient	Added	Plate134	Bacteria	Litter	Grass	Block_3	2020-Ambient	2020-Added
193	2020Q418LXN	417	2020-Q4-18LXN	2020	Q4	Winter	18LXN	Ambient	Added	Plate134	Bacteria	Litter	Grass	Block_6	2020-Ambient	2020-Added
194	2020Q420RRN	284	2020-Q4-20RRN	2020	Q4	Winter	20RRN	Drought	Added	Plate134	Bacteria	Litter	Grass	Block_8	2020-Drought	2020-Added
195	2020Q422RXN	96	2020-Q4-22RXN	2020	Q4	Winter	22RXN	Ambient	Added	Plate134	Bacteria	Litter	Grass	Block_8	2020-Ambient	2020-Added
196	2021012704LXXR1L	114	2021-01-27-04LXX-R1-L	2021	Q4	Winter	04LXX	Ambient	Ambient	Kristin	Bacteria	Litter	Grass	Block_2	2021-Ambient	2021-Ambient
197	2021012705RRXR1L	285	2021-01-27-05RRX-R1-L	2021	Q4	Winter	05RRX	Drought	Ambient	Kristin	Bacteria	Litter	Grass	Block_2	2021-Drought	2021-Ambient
198	2021012707LRXR1L	338	2021-01-27-07LRX-R1-L	2021	Q4	Winter	07LRX	Drought	Ambient	Kristin	Bacteria	Litter	Grass	Block_3	2021-Drought	2021-Ambient
199	2021012708LXXR1L	353	2021-01-27-08LXX-R1-L	2021	Q4	Winter	08LXX	Ambient	Ambient	Kristin	Bacteria	Litter	Grass	Block_3	2021-Ambient	2021-Ambient
200	2021012714RRXR1L	353	2021-01-27-14RRX-R1-L	2021	Q4	Winter	14RRX	Drought	Ambient	Kristin	Bacteria	Litter	Grass	Block_6	2021-Drought	2021-Ambient
201	2021012718RXXR1L	363	2021-01-27-18RXX-R1-L	2021	Q4	Winter	18RXX	Ambient	Ambient	Kristin	Bacteria	Litter	Grass	Block_6	2021-Ambient	2021-Ambient
202	2021012720LRXR1L	155	2021-01-27-20LRX-R1-L	2021	Q4	Winter	20LRX	Drought	Ambient	Kristin	Bacteria	Litter	Grass	Block_8	2021-Drought	2021-Ambient
203	2021012722LXXR1L	109	2021-01-27-22LXX-R1-L	2021	Q4	Winter	22LXX	Ambient	Ambient	Kristin	Bacteria	Litter	Grass	Block_8	2021-Ambient	2021-Ambient
204	2021022404LXXR1L	316	2021-02-24-04LXX-R1-L	2021	Q1	Spring	04LXX	Ambient	Ambient	Kristin	Bacteria	Litter	Grass	Block_2	2021-Ambient	2021-Ambient
205	2021022405RRXR1L	253	2021-02-24-05RRX-R1-L	2021	Q1	Spring	05RRX	Drought	Ambient	Kristin	Bacteria	Litter	Grass	Block_2	2021-Drought	2021-Ambient
206	2021022407LRXR1L	517	2021-02-24-07LRX-R1-L	2021	Q1	Spring	07LRX	Drought	Ambient	Kristin	Bacteria	Litter	Grass	Block_3	2021-Drought	2021-Ambient
207	2021022414RRXR1L	433	2021-02-24-14RRX-R1-L	2021	Q1	Spring	14RRX	Drought	Ambient	Kristin	Bacteria	Litter	Grass	Block_6	2021-Drought	2021-Ambient
208	2021022422LXXR1L	382	2021-02-24-22LXX-R1-L	2021	Q1	Spring	22LXX	Ambient	Ambient	Kristin	Bacteria	Litter	Grass	Block_8	2021-Ambient	2021-Ambient
209	2021Q104RXN	127	2021-Q1-04RXN	2021	Q1	Spring	04RXN	Ambient	Added	Plate134	Bacteria	Litter	Grass	Block_2	2021-Ambient	2021-Added
210	2021Q105LRN	173	2021-Q1-05LRN	2021	Q1	Spring	05LRN	Drought	Added	Plate134	Bacteria	Litter	Grass	Block_2	2021-Drought	2021-Added
211	2021Q107RRN	254	2021-Q1-07RRN	2021	Q1	Spring	07RRN	Drought	Added	Plate134	Bacteria	Litter	Grass	Block_3	2021-Drought	2021-Added
212	2021Q108RXN	155	2021-Q1-08RXN	2021	Q1	Spring	08RXN	Ambient	Added	Plate134	Bacteria	Litter	Grass	Block_3	2021-Ambient	2021-Added
213	2021Q114LRN	206	2021-Q1-14LRN	2021	Q1	Spring	14LRN	Drought	Added	Plate134	Bacteria	Litter	Grass	Block_6	2021-Drought	2021-Added
214	2021Q118LXN	36	2021-Q1-18LXN	2021	Q1	Spring	18LXN	Ambient	Added	Plate134	Bacteria	Litter	Grass	Block_6	2021-Ambient	2021-Added
215	2021Q120RRN	71	2021-Q1-20RRN	2021	Q1	Spring	20RRN	Drought	Added	Plate134	Bacteria	Litter	Grass	Block_8	2021-Drought	2021-Added
216	2021Q122RXN	48	2021-Q1-22RXN	2021	Q1	Spring	22RXN	Ambient	Added	Plate134	Bacteria	Litter	Grass	Block_8	2021-Ambient	2021-Added
217	2021Q204LXX	104	2021-Q2-04LXX	2021	Q2	Summer	04LXX	Ambient	Ambient	Plate134	Bacteria	Litter	Grass	Block_2	2021-Ambient	2021-Ambient
218	2021Q204RXN	255	2021-Q2-04RXN	2021	Q2	Summer	04RXN	Ambient	Added	Plate134	Bacteria	Litter	Grass	Block_2	2021-Ambient	2021-Added
219	2021Q205LRN	69	2021-Q2-05LRN	2021	Q2	Summer	05LRN	Drought	Added	Plate134	Bacteria	Litter	Grass	Block_2	2021-Drought	2021-Added
220	2021Q205RRX	111	2021-Q2-05RRX	2021	Q2	Summer	05RRX	Drought	Ambient	Plate134	Bacteria	Litter	Grass	Block_2	2021-Drought	2021-Ambient
221	2021Q207LRX	212	2021-Q2-07LRX	2021	Q2	Summer	07LRX	Drought	Ambient	Plate134	Bacteria	Litter	Grass	Block_3	2021-Drought	2021-Ambient
222	2021Q208LXX	72	2021-Q2-08LXX	2021	Q2	Summer	08LXX	Ambient	Ambient	Plate134	Bacteria	Litter	Grass	Block_3	2021-Ambient	2021-Ambient
223	2021Q208RXN	173	2021-Q2-08RXN	2021	Q2	Summer	08RXN	Ambient	Added	Plate134	Bacteria	Litter	Grass	Block_3	2021-Ambient	2021-Added
224	2021Q214RRX	161	2021-Q2-14RRX	2021	Q2	Summer	14RRX	Drought	Ambient	Plate134	Bacteria	Litter	Grass	Block_6	2021-Drought	2021-Ambient
225	2021Q218RXX	43	2021-Q2-18RXX	2021	Q2	Summer	18RXX	Ambient	Ambient	Plate134	Bacteria	Litter	Grass	Block_6	2021-Ambient	2021-Ambient
226	2021Q220RRN	37	2021-Q2-20RRN	2021	Q2	Summer	20RRN	Drought	Added	Plate134	Bacteria	Litter	Grass	Block_8	2021-Drought	2021-Added
227	2021Q222LXX	68	2021-Q2-22LXX	2021	Q2	Summer	22LXX	Ambient	Ambient	Plate134	Bacteria	Litter	Grass	Block_8	2021-Ambient	2021-Ambient
228	2021Q222RXN	84	2021-Q2-22RXN	2021	Q2	Summer	22RXN	Ambient	Added	Plate134	Bacteria	Litter	Grass	Block_8	2021-Ambient	2021-Added
229	2021Q304LXX	92	2021-Q3-04LXX	2021	Q3	Fall	04LXX	Ambient	Ambient	Plate134	Bacteria	Litter	Grass	Block_2	2021-Ambient	2021-Ambient
230	2021Q304RXN	98	2021-Q3-04RXN	2021	Q3	Fall	04RXN	Ambient	Added	Plate134	Bacteria	Litter	Grass	Block_2	2021-Ambient	2021-Added
231	2021Q305LRN	157	2021-Q3-05LRN	2021	Q3	Fall	05LRN	Drought	Added	Plate134	Bacteria	Litter	Grass	Block_2	2021-Drought	2021-Added
232	2021Q307RRN	74	2021-Q3-07RRN	2021	Q3	Fall	07RRN	Drought	Added	Plate134	Bacteria	Litter	Grass	Block_3	2021-Drought	2021-Added
233	2021Q308RXN	69	2021-Q3-08RXN	2021	Q3	Fall	08RXN	Ambient	Added	Plate134	Bacteria	Litter	Grass	Block_3	2021-Ambient	2021-Added
234	2021Q314RRX	68	2021-Q3-14RRX	2021	Q3	Fall	14RRX	Drought	Ambient	Plate134	Bacteria	Litter	Grass	Block_6	2021-Drought	2021-Ambient
235	2021Q318RXX	102	2021-Q3-18RXX	2021	Q3	Fall	18RXX	Ambient	Ambient	Plate134	Bacteria	Litter	Grass	Block_6	2021-Ambient	2021-Ambient
236	2021Q320LRX	120	2021-Q3-20LRX	2021	Q3	Fall	20LRX	Drought	Ambient	Plate134	Bacteria	Litter	Grass	Block_8	2021-Drought	2021-Ambient
237	2021Q320RRN	82	2021-Q3-20RRN	2021	Q3	Fall	20RRN	Drought	Added	Plate134	Bacteria	Litter	Grass	Block_8	2021-Drought	2021-Added
238	2021Q322RXN	32	2021-Q3-22RXN	2021	Q3	Fall	22RXN	Ambient	Added	Plate134	Bacteria	Litter	Grass	Block_8	2021-Ambient	2021-Added
239	2021Q404LXX	192	2021-Q4-04LXX	2021	Q4	Winter	04LXX	Ambient	Ambient	Plate134	Bacteria	Litter	Grass	Block_2	2021-Ambient	2021-Ambient
240	2021Q404RXN	68	2021-Q4-04RXN	2021	Q4	Winter	04RXN	Ambient	Added	Plate134	Bacteria	Litter	Grass	Block_2	2021-Ambient	2021-Added
241	2021Q405LRN	111	2021-Q4-05LRN	2021	Q4	Winter	05LRN	Drought	Added	Plate134	Bacteria	Litter	Grass	Block_2	2021-Drought	2021-Added
242	2021Q405RRX	86	2021-Q4-05RRX	2021	Q4	Winter	05RRX	Drought	Ambient	Plate134	Bacteria	Litter	Grass	Block_2	2021-Drought	2021-Ambient
243	2021Q407LRX	19	2021-Q4-07LRX	2021	Q4	Winter	07LRX	Drought	Ambient	Plate134	Bacteria	Litter	Grass	Block_3	2021-Drought	2021-Ambient
244	2021Q407RRN	71	2021-Q4-07RRN	2021	Q4	Winter	07RRN	Drought	Added	Plate134	Bacteria	Litter	Grass	Block_3	2021-Drought	2021-Added
245	2021Q408LXX	188	2021-Q4-08LXX	2021	Q4	Winter	08LXX	Ambient	Ambient	Plate134	Bacteria	Litter	Grass	Block_3	2021-Ambient	2021-Ambient
246	2021Q414LRN	140	2021-Q4-14LRN	2021	Q4	Winter	14LRN	Drought	Added	Plate134	Bacteria	Litter	Grass	Block_6	2021-Drought	2021-Added
247	2021Q414RRX	159	2021-Q4-14RRX	2021	Q4	Winter	14RRX	Drought	Ambient	Plate134	Bacteria	Litter	Grass	Block_6	2021-Drought	2021-Ambient
248	2021Q418LXN	170	2021-Q4-18LXN	2021	Q4	Winter	18LXN	Ambient	Added	Plate134	Bacteria	Litter	Grass	Block_6	2021-Ambient	2021-Added
249	2021Q418RXX	99	2021-Q4-18RXX	2021	Q4	Winter	18RXX	Ambient	Ambient	Plate134	Bacteria	Litter	Grass	Block_6	2021-Ambient	2021-Ambient
250	2021Q420LRX	94	2021-Q4-20LRX	2021	Q4	Winter	20LRX	Drought	Ambient	Plate134	Bacteria	Litter	Grass	Block_8	2021-Drought	2021-Ambient
251	2021Q420RRN	77	2021-Q4-20RRN	2021	Q4	Winter	20RRN	Drought	Added	Plate134	Bacteria	Litter	Grass	Block_8	2021-Drought	2021-Added
252	2021Q422LXX	115	2021-Q4-22LXX	2021	Q4	Winter	22LXX	Ambient	Ambient	Plate134	Bacteria	Litter	Grass	Block_8	2021-Ambient	2021-Ambient
253	2021Q422RXN	75	2021-Q4-22RXN	2021	Q4	Winter	22RXN	Ambient	Added	Plate134	Bacteria	Litter	Grass	Block_8	2021-Ambient	2021-Added
254	2022Q104RXN	109	2022-Q1-04RXN	2022	Q1	Spring	04RXN	Ambient	Added	Plate134	Bacteria	Litter	Grass	Block_2	2022-Ambient	2022-Added
255	2022Q105LRN	46	2022-Q1-05LRN	2022	Q1	Spring	05LRN	Drought	Added	Plate134	Bacteria	Litter	Grass	Block_2	2022-Drought	2022-Added
256	2022Q105RRX	91	2022-Q1-05RRX	2022	Q1	Spring	05RRX	Drought	Ambient	Plate134	Bacteria	Litter	Grass	Block_2	2022-Drought	2022-Ambient
257	2022Q107LRX	31	2022-Q1-07LRX	2022	Q1	Spring	07LRX	Drought	Ambient	Plate134	Bacteria	Litter	Grass	Block_3	2022-Drought	2022-Ambient
258	2022Q108LXX	76	2022-Q1-08LXX	2022	Q1	Spring	08LXX	Ambient	Ambient	Plate134	Bacteria	Litter	Grass	Block_3	2022-Ambient	2022-Ambient
259	2022Q108RXN	28	2022-Q1-08RXN	2022	Q1	Spring	08RXN	Ambient	Added	Plate134	Bacteria	Litter	Grass	Block_3	2022-Ambient	2022-Added
260	2022Q114RRX	170	2022-Q1-14RRX	2022	Q1	Spring	14RRX	Drought	Ambient	Plate134	Bacteria	Litter	Grass	Block_6	2022-Drought	2022-Ambient
261	2022Q118LXN	103	2022-Q1-18LXN	2022	Q1	Spring	18LXN	Ambient	Added	Plate134	Bacteria	Litter	Grass	Block_6	2022-Ambient	2022-Added
262	2022Q118RXX	132	2022-Q1-18RXX	2022	Q1	Spring	18RXX	Ambient	Ambient	Plate134	Bacteria	Litter	Grass	Block_6	2022-Ambient	2022-Ambient
263	2022Q120RRN	43	2022-Q1-20RRN	2022	Q1	Spring	20RRN	Drought	Added	Plate134	Bacteria	Litter	Grass	Block_8	2022-Drought	2022-Added
264	2022Q122LXX	197	2022-Q1-22LXX	2022	Q1	Spring	22LXX	Ambient	Ambient	Plate134	Bacteria	Litter	Grass	Block_8	2022-Ambient	2022-Ambient
265	2022Q204LXX	145	2022-Q2-04LXX	2022	Q2	Summer	04LXX	Ambient	Ambient	Plate134	Bacteria	Litter	Grass	Block_2	2022-Ambient	2022-Ambient
266	2022Q207LRX	167	2022-Q2-07LRX	2022	Q2	Summer	07LRX	Drought	Ambient	Plate134	Bacteria	Litter	Grass	Block_3	2022-Drought	2022-Ambient
267	2022Q207RRN	138	2022-Q2-07RRN	2022	Q2	Summer	07RRN	Drought	Added	Plate134	Bacteria	Litter	Grass	Block_3	2022-Drought	2022-Added
268	2022Q208RXN	42	2022-Q2-08RXN	2022	Q2	Summer	08RXN	Ambient	Added	Plate134	Bacteria	Litter	Grass	Block_3	2022-Ambient	2022-Added
269	2022Q218LXN	56	2022-Q2-18LXN	2022	Q2	Summer	18LXN	Ambient	Added	Plate134	Bacteria	Litter	Grass	Block_6	2022-Ambient	2022-Added
270	2022Q218RXX	32	2022-Q2-18RXX	2022	Q2	Summer	18RXX	Ambient	Ambient	Plate134	Bacteria	Litter	Grass	Block_6	2022-Ambient	2022-Ambient
271	2022Q304LXX	47	2022-Q3-04LXX	2022	Q3	Fall	04LXX	Ambient	Ambient	Plate134	Bacteria	Litter	Grass	Block_2	2022-Ambient	2022-Ambient
272	2022Q304RXN	96	2022-Q3-04RXN	2022	Q3	Fall	04RXN	Ambient	Added	Plate134	Bacteria	Litter	Grass	Block_2	2022-Ambient	2022-Added
273	2022Q305LRN	315	2022-Q3-05LRN	2022	Q3	Fall	05LRN	Drought	Added	Plate134	Bacteria	Litter	Grass	Block_2	2022-Drought	2022-Added
274	2022Q305RRX	72	2022-Q3-05RRX	2022	Q3	Fall	05RRX	Drought	Ambient	Plate134	Bacteria	Litter	Grass	Block_2	2022-Drought	2022-Ambient
275	2022Q307RRN	91	2022-Q3-07RRN	2022	Q3	Fall	07RRN	Drought	Added	Plate134	Bacteria	Litter	Grass	Block_3	2022-Drought	2022-Added
276	2022Q314LRN	79	2022-Q3-14LRN	2022	Q3	Fall	14LRN	Drought	Added	Plate134	Bacteria	Litter	Grass	Block_6	2022-Drought	2022-Added
277	2022Q314RRX	124	2022-Q3-14RRX	2022	Q3	Fall	14RRX	Drought	Ambient	Plate134	Bacteria	Litter	Grass	Block_6	2022-Drought	2022-Ambient
278	2022Q318LXN	93	2022-Q3-18LXN	2022	Q3	Fall	18LXN	Ambient	Added	Plate134	Bacteria	Litter	Grass	Block_6	2022-Ambient	2022-Added
279	2022Q318RXX	74	2022-Q3-18RXX	2022	Q3	Fall	18RXX	Ambient	Ambient	Plate134	Bacteria	Litter	Grass	Block_6	2022-Ambient	2022-Ambient
280	2022Q320LRX	67	2022-Q3-20LRX	2022	Q3	Fall	20LRX	Drought	Ambient	Plate134	Bacteria	Litter	Grass	Block_8	2022-Drought	2022-Ambient
281	2022Q320RRN	82	2022-Q3-20RRN	2022	Q3	Fall	20RRN	Drought	Added	Plate134	Bacteria	Litter	Grass	Block_8	2022-Drought	2022-Added
282	2022Q322LXX	92	2022-Q3-22LXX	2022	Q3	Fall	22LXX	Ambient	Ambient	Plate134	Bacteria	Litter	Grass	Block_8	2022-Ambient	2022-Ambient
283	2022Q322RXN	172	2022-Q3-22RXN	2022	Q3	Fall	22RXN	Ambient	Added	Plate134	Bacteria	Litter	Grass	Block_8	2022-Ambient	2022-Added
284	2022Q404RXN	61	2022-Q4-04RXN	2022	Q4	Winter	04RXN	Ambient	Added	Plate134	Bacteria	Litter	Grass	Block_2	2022-Ambient	2022-Added
285	2022Q405LRN	60	2022-Q4-05LRN	2022	Q4	Winter	05LRN	Drought	Added	Plate134	Bacteria	Litter	Grass	Block_2	2022-Drought	2022-Added
286	2022Q405RRX	95	2022-Q4-05RRX	2022	Q4	Winter	05RRX	Drought	Ambient	Plate134	Bacteria	Litter	Grass	Block_2	2022-Drought	2022-Ambient
287	2022Q407LRX	32	2022-Q4-07LRX	2022	Q4	Winter	07LRX	Drought	Ambient	Plate134	Bacteria	Litter	Grass	Block_3	2022-Drought	2022-Ambient
288	2022Q407RRN	38	2022-Q4-07RRN	2022	Q4	Winter	07RRN	Drought	Added	Plate134	Bacteria	Litter	Grass	Block_3	2022-Drought	2022-Added
289	2022Q408LXX	19	2022-Q4-08LXX	2022	Q4	Winter	08LXX	Ambient	Ambient	Plate134	Bacteria	Litter	Grass	Block_3	2022-Ambient	2022-Ambient
290	2022Q408RXN	84	2022-Q4-08RXN	2022	Q4	Winter	08RXN	Ambient	Added	Plate134	Bacteria	Litter	Grass	Block_3	2022-Ambient	2022-Added
291	2022Q418LXN	18	2022-Q4-18LXN	2022	Q4	Winter	18LXN	Ambient	Added	Plate134	Bacteria	Litter	Grass	Block_6	2022-Ambient	2022-Added
292	2022Q420LRX	42	2022-Q4-20LRX	2022	Q4	Winter	20LRX	Drought	Ambient	Plate134	Bacteria	Litter	Grass	Block_8	2022-Drought	2022-Ambient
293	2022Q420RRN	106	2022-Q4-20RRN	2022	Q4	Winter	20RRN	Drought	Added	Plate134	Bacteria	Litter	Grass	Block_8	2022-Drought	2022-Added
294	2022Q422LXX	60	2022-Q4-22LXX	2022	Q4	Winter	22LXX	Ambient	Ambient	Plate134	Bacteria	Litter	Grass	Block_8	2022-Ambient	2022-Ambient
295	20LRXAugust201616S	18	20LRXAugust201616S	2016	Q3	Fall	20LRX	Drought	Ambient	Sarai	Bacteria	Litter	Grass	Block_8	2016-Drought	2016-Ambient
296	20LRXDecember201616S	85	20LRXDecember201616S	2016	Q4	Winter	20LRX	Drought	Ambient	Sarai	Bacteria	Litter	Grass	Block_8	2016-Drought	2016-Ambient
297	20LRXDecember201716S	45	20LRXDecember201716S	2017	Q4	Winter	20LRX	Drought	Ambient	Sarai	Bacteria	Litter	Grass	Block_8	2017-Drought	2017-Ambient
298	20LRXJune201716S	19	20LRXJune201716S	2017	Q2	Summer	20LRX	Drought	Ambient	Sarai	Bacteria	Litter	Grass	Block_8	2017-Drought	2017-Ambient
299	20LRXMarch201716S	37	20LRXMarch201716S	2017	Q1	Spring	20LRX	Drought	Ambient	Sarai	Bacteria	Litter	Grass	Block_8	2017-Drought	2017-Ambient
300	20LRXMarch201816S	26	20LRXMarch201816S	2018	Q1	Spring	20LRX	Drought	Ambient	Sarai	Bacteria	Litter	Grass	Block_8	2018-Drought	2018-Ambient
301	20LRXSeptember201716S	33	20LRXSeptember201716S	2017	Q3	Fall	20LRX	Drought	Ambient	Sarai	Bacteria	Litter	Grass	Block_8	2017-Drought	2017-Ambient
302	20RRNDecember201616S	62	20RRNDecember201616S	2016	Q4	Winter	20RRN	Drought	Added	Sarai	Bacteria	Litter	Grass	Block_8	2016-Drought	2016-Added
303	20RRNDecember201716S	14	20RRNDecember201716S	2017	Q4	Winter	20RRN	Drought	Added	Sarai	Bacteria	Litter	Grass	Block_8	2017-Drought	2017-Added
304	20RRNMarch201716S	83	20RRNMarch201716S	2017	Q1	Spring	20RRN	Drought	Added	Sarai	Bacteria	Litter	Grass	Block_8	2017-Drought	2017-Added
305	20RRNMarch201816S	53	20RRNMarch201816S	2018	Q1	Spring	20RRN	Drought	Added	Sarai	Bacteria	Litter	Grass	Block_8	2018-Drought	2018-Added
306	22LXXAugust201616S	23	22LXXAugust201616S	2016	Q3	Fall	22LXX	Ambient	Ambient	Sarai	Bacteria	Litter	Grass	Block_8	2016-Ambient	2016-Ambient
307	22LXXDecember201616S	57	22LXXDecember201616S	2016	Q4	Winter	22LXX	Ambient	Ambient	Sarai	Bacteria	Litter	Grass	Block_8	2016-Ambient	2016-Ambient
308	22LXXDecember201716S	13	22LXXDecember201716S	2017	Q4	Winter	22LXX	Ambient	Ambient	Sarai	Bacteria	Litter	Grass	Block_8	2017-Ambient	2017-Ambient
309	22LXXMarch201716S	84	22LXXMarch201716S	2017	Q1	Spring	22LXX	Ambient	Ambient	Sarai	Bacteria	Litter	Grass	Block_8	2017-Ambient	2017-Ambient
310	22LXXMarch201816S	33	22LXXMarch201816S	2018	Q1	Spring	22LXX	Ambient	Ambient	Sarai	Bacteria	Litter	Grass	Block_8	2018-Ambient	2018-Ambient
311	22RXNAugust201616S	26	22RXNAugust201616S	2016	Q3	Fall	22RXN	Ambient	Added	Sarai	Bacteria	Litter	Grass	Block_8	2016-Ambient	2016-Added
312	22RXNDecember201616S	20	22RXNDecember201616S	2016	Q4	Winter	22RXN	Ambient	Added	Sarai	Bacteria	Litter	Grass	Block_8	2016-Ambient	2016-Added
313	22RXNDecember201716S	13	22RXNDecember201716S	2017	Q4	Winter	22RXN	Ambient	Added	Sarai	Bacteria	Litter	Grass	Block_8	2017-Ambient	2017-Added
314	22RXNJune201716S	47	22RXNJune201716S	2017	Q2	Summer	22RXN	Ambient	Added	Sarai	Bacteria	Litter	Grass	Block_8	2017-Ambient	2017-Added
315	22RXNMarch201716S	48	22RXNMarch201716S	2017	Q1	Spring	22RXN	Ambient	Added	Sarai	Bacteria	Litter	Grass	Block_8	2017-Ambient	2017-Added
316	22RXNMarch201816S	62	22RXNMarch201816S	2018	Q1	Spring	22RXN	Ambient	Added	Sarai	Bacteria	Litter	Grass	Block_8	2018-Ambient	2018-Added
317	22RXNSeptember201716S	16	22RXNSeptember201716S	2017	Q3	Fall	22RXN	Ambient	Added	Sarai	Bacteria	Litter	Grass	Block_8	2017-Ambient	2017-Added
318	4LXXDecember201616S	29	4LXXDecember201616S	2016	Q4	Winter	04LXX	Ambient	Ambient	Sarai	Bacteria	Litter	Grass	Block_2	2016-Ambient	2016-Ambient
319	4LXXDecember201716S	33	4LXXDecember201716S	2017	Q4	Winter	04LXX	Ambient	Ambient	Sarai	Bacteria	Litter	Grass	Block_2	2017-Ambient	2017-Ambient
320	4LXXMarch201716S	35	4LXXMarch201716S	2017	Q1	Spring	04LXX	Ambient	Ambient	Sarai	Bacteria	Litter	Grass	Block_2	2017-Ambient	2017-Ambient
321	4LXXMarch201816S	28	4LXXMarch201816S	2018	Q1	Spring	04LXX	Ambient	Ambient	Sarai	Bacteria	Litter	Grass	Block_2	2018-Ambient	2018-Ambient
322	4RXNAugust201616S	60	4RXNAugust201616S	2016	Q3	Fall	04RXN	Ambient	Added	Sarai	Bacteria	Litter	Grass	Block_2	2016-Ambient	2016-Added
323	4RXNDecember201616S	59	4RXNDecember201616S	2016	Q4	Winter	04RXN	Ambient	Added	Sarai	Bacteria	Litter	Grass	Block_2	2016-Ambient	2016-Added
324	4RXNDecember201716S	37	4RXNDecember201716S	2017	Q4	Winter	04RXN	Ambient	Added	Sarai	Bacteria	Litter	Grass	Block_2	2017-Ambient	2017-Added
325	4RXNJune201716S	23	4RXNJune201716S	2017	Q2	Summer	04RXN	Ambient	Added	Sarai	Bacteria	Litter	Grass	Block_2	2017-Ambient	2017-Added
326	4RXNMarch201716S	89	4RXNMarch201716S	2017	Q1	Spring	04RXN	Ambient	Added	Sarai	Bacteria	Litter	Grass	Block_2	2017-Ambient	2017-Added
327	4RXNMarch201816S	40	4RXNMarch201816S	2018	Q1	Spring	04RXN	Ambient	Added	Sarai	Bacteria	Litter	Grass	Block_2	2018-Ambient	2018-Added
328	4RXNSeptember201716S	35	4RXNSeptember201716S	2017	Q3	Fall	04RXN	Ambient	Added	Sarai	Bacteria	Litter	Grass	Block_2	2017-Ambient	2017-Added
329	5LRNDecember201616S	55	5LRNDecember201616S	2016	Q4	Winter	05LRN	Drought	Added	Sarai	Bacteria	Litter	Grass	Block_2	2016-Drought	2016-Added
330	5LRNDecember201716S	22	5LRNDecember201716S	2017	Q4	Winter	05LRN	Drought	Added	Sarai	Bacteria	Litter	Grass	Block_2	2017-Drought	2017-Added
331	5LRNMarch201716S	25	5LRNMarch201716S	2017	Q1	Spring	05LRN	Drought	Added	Sarai	Bacteria	Litter	Grass	Block_2	2017-Drought	2017-Added
332	5LRNMarch201816S	38	5LRNMarch201816S	2018	Q1	Spring	05LRN	Drought	Added	Sarai	Bacteria	Litter	Grass	Block_2	2018-Drought	2018-Added
333	5LRNSeptember201716S	32	5LRNSeptember201716S	2017	Q3	Fall	05LRN	Drought	Added	Sarai	Bacteria	Litter	Grass	Block_2	2017-Drought	2017-Added
334	5RRXAugust201616S	30	5RRXAugust201616S	2016	Q3	Fall	05RRX	Drought	Ambient	Sarai	Bacteria	Litter	Grass	Block_2	2016-Drought	2016-Ambient
335	5RRXDecember201616S	49	5RRXDecember201616S	2016	Q4	Winter	05RRX	Drought	Ambient	Sarai	Bacteria	Litter	Grass	Block_2	2016-Drought	2016-Ambient
336	5RRXJune201716S	40	5RRXJune201716S	2017	Q2	Summer	05RRX	Drought	Ambient	Sarai	Bacteria	Litter	Grass	Block_2	2017-Drought	2017-Ambient
337	5RRXMarch201716S	37	5RRXMarch201716S	2017	Q1	Spring	05RRX	Drought	Ambient	Sarai	Bacteria	Litter	Grass	Block_2	2017-Drought	2017-Ambient
338	5RRXMarch201816S	54	5RRXMarch201816S	2018	Q1	Spring	05RRX	Drought	Ambient	Sarai	Bacteria	Litter	Grass	Block_2	2018-Drought	2018-Ambient
339	5RRXSeptember201716S	20	5RRXSeptember201716S	2017	Q3	Fall	05RRX	Drought	Ambient	Sarai	Bacteria	Litter	Grass	Block_2	2017-Drought	2017-Ambient
340	7LRXDecember201616S	59	7LRXDecember201616S	2016	Q4	Winter	07LRX	Drought	Ambient	Sarai	Bacteria	Litter	Grass	Block_3	2016-Drought	2016-Ambient
341	7LRXDecember201716S	23	7LRXDecember201716S	2017	Q4	Winter	07LRX	Drought	Ambient	Sarai	Bacteria	Litter	Grass	Block_3	2017-Drought	2017-Ambient
342	7LRXMarch201716S	56	7LRXMarch201716S	2017	Q1	Spring	07LRX	Drought	Ambient	Sarai	Bacteria	Litter	Grass	Block_3	2017-Drought	2017-Ambient
343	7LRXMarch201816S	60	7LRXMarch201816S	2018	Q1	Spring	07LRX	Drought	Ambient	Sarai	Bacteria	Litter	Grass	Block_3	2018-Drought	2018-Ambient
344	7LRXSeptember201716S	7	7LRXSeptember201716S	2017	Q3	Fall	07LRX	Drought	Ambient	Sarai	Bacteria	Litter	Grass	Block_3	2017-Drought	2017-Ambient
345	7RRNDecember201616S	30	7RRNDecember201616S	2016	Q4	Winter	07RRN	Drought	Added	Sarai	Bacteria	Litter	Grass	Block_3	2016-Drought	2016-Added
346	7RRNDecember201716S	10	7RRNDecember201716S	2017	Q4	Winter	07RRN	Drought	Added	Sarai	Bacteria	Litter	Grass	Block_3	2017-Drought	2017-Added
347	7RRNJune201716S	6	7RRNJune201716S	2017	Q2	Summer	07RRN	Drought	Added	Sarai	Bacteria	Litter	Grass	Block_3	2017-Drought	2017-Added
348	7RRNMarch201716S	53	7RRNMarch201716S	2017	Q1	Spring	07RRN	Drought	Added	Sarai	Bacteria	Litter	Grass	Block_3	2017-Drought	2017-Added
349	7RRNMarch201816S	66	7RRNMarch201816S	2018	Q1	Spring	07RRN	Drought	Added	Sarai	Bacteria	Litter	Grass	Block_3	2018-Drought	2018-Added
350	7RRNSeptember201716S	33	7RRNSeptember201716S	2017	Q3	Fall	07RRN	Drought	Added	Sarai	Bacteria	Litter	Grass	Block_3	2017-Drought	2017-Added
351	8LXXAugust201616S	50	8LXXAugust201616S	2016	Q3	Fall	08LXX	Ambient	Ambient	Sarai	Bacteria	Litter	Grass	Block_3	2016-Ambient	2016-Ambient
352	8LXXDecember201616S	34	8LXXDecember201616S	2016	Q4	Winter	08LXX	Ambient	Ambient	Sarai	Bacteria	Litter	Grass	Block_3	2016-Ambient	2016-Ambient
353	8LXXDecember201716S	13	8LXXDecember201716S	2017	Q4	Winter	08LXX	Ambient	Ambient	Sarai	Bacteria	Litter	Grass	Block_3	2017-Ambient	2017-Ambient
354	8LXXMarch201716S	89	8LXXMarch201716S	2017	Q1	Spring	08LXX	Ambient	Ambient	Sarai	Bacteria	Litter	Grass	Block_3	2017-Ambient	2017-Ambient
355	8LXXMarch201816S	57	8LXXMarch201816S	2018	Q1	Spring	08LXX	Ambient	Ambient	Sarai	Bacteria	Litter	Grass	Block_3	2018-Ambient	2018-Ambient
356	8LXXSeptember201716S	17	8LXXSeptember201716S	2017	Q3	Fall	08LXX	Ambient	Ambient	Sarai	Bacteria	Litter	Grass	Block_3	2017-Ambient	2017-Ambient
357	8RXNAugust201616S	48	8RXNAugust201616S	2016	Q3	Fall	08RXN	Ambient	Added	Sarai	Bacteria	Litter	Grass	Block_3	2016-Ambient	2016-Added
358	8RXNDecember201616S	96	8RXNDecember201616S	2016	Q4	Winter	08RXN	Ambient	Added	Sarai	Bacteria	Litter	Grass	Block_3	2016-Ambient	2016-Added
359	8RXNDecember201716S	25	8RXNDecember201716S	2017	Q4	Winter	08RXN	Ambient	Added	Sarai	Bacteria	Litter	Grass	Block_3	2017-Ambient	2017-Added
360	8RXNMarch201716S	41	8RXNMarch201716S	2017	Q1	Spring	08RXN	Ambient	Added	Sarai	Bacteria	Litter	Grass	Block_3	2017-Ambient	2017-Added
361	8RXNMarch201816S	82	8RXNMarch201816S	2018	Q1	Spring	08RXN	Ambient	Added	Sarai	Bacteria	Litter	Grass	Block_3	2018-Ambient	2018-Added
362	8RXNSeptember201716S	14	8RXNSeptember201716S	2017	Q3	Fall	08RXN	Ambient	Added	Sarai	Bacteria	Litter	Grass	Block_3	2017-Ambient	2017-Added
363	P001-CTACAGGGTCTC	124	2018-Q3-07LRX	2018	Q3	Fall	07LRX	Drought	Ambient	Andie_plate2	Bacteria	Litter	Grass	Block_3	2018-Drought	2018-Ambient
364	P002-GTTCATTAAACT	202	2015-Q4-20LRX	2015	Q4	Winter	20LRX	Drought	Ambient	Andie_plate2	Bacteria	Litter	Grass	Block_8	2015-Drought	2015-Ambient
365	P003-TTCGATGCCGCA	87	2015-Q2-18LXN	2015	Q2	Summer	18LXN	Ambient	Added	Andie_plate2	Bacteria	Litter	Grass	Block_6	2015-Ambient	2015-Added
366	P004-TCGTTATTCAGT	96	2022-Q4-14LRN	2022	Q4	Winter	14LRN	Drought	Added	Andie_plate2	Bacteria	Litter	Grass	Block_6	2022-Drought	2022-Added
367	P006-ATATGTTCTCAA	299	2015-Q4-04RXN	2015	Q4	Winter	04RXN	Ambient	Added	Andie_plate2	Bacteria	Litter	Grass	Block_2	2015-Ambient	2015-Added
368	P007-TCAGACCAACTG	113	2012-Q2-08LXX	2012	Q2	Summer	08LXX	Ambient	Ambient	Andie_plate2	Bacteria	Litter	Grass	Block_3	2012-Ambient	2012-Ambient
369	P008-TCATTAGCGTGG	184	2018-Q4-22LXX	2018	Q4	Winter	22LXX	Ambient	Ambient	Andie_plate2	Bacteria	Litter	Grass	Block_8	2018-Ambient	2018-Ambient
370	P009-CTTGGAGGCTTA	112	2015-Q2-14RRX	2015	Q2	Summer	14RRX	Drought	Ambient	Andie_plate2	Bacteria	Litter	Grass	Block_6	2015-Drought	2015-Ambient
371	P010-GTGCCGGCCGAC	223	2015-Q4-14RRX	2015	Q4	Winter	14RRX	Drought	Ambient	Andie_plate2	Bacteria	Litter	Grass	Block_6	2015-Drought	2015-Ambient
372	P011-AGAGGGTGATCG	64	2022-Q4-04LXX	2022	Q4	Winter	04LXX	Ambient	Ambient	Andie_plate2	Bacteria	Litter	Grass	Block_2	2022-Ambient	2022-Ambient
373	P013-TCATGGCCTCCG	193	2019-Q3-07LRX	2019	Q3	Fall	07LRX	Drought	Ambient	Andie_plate2	Bacteria	Litter	Grass	Block_3	2019-Drought	2019-Ambient
374	P014-ATGTGCTGCTCG	196	2012-Q2-20LRX	2012	Q2	Summer	20LRX	Drought	Ambient	Andie_plate2	Bacteria	Litter	Grass	Block_8	2012-Drought	2012-Ambient
375	P015-CCACGAGCAGGC	96	2020-Q2-18RXX	2020	Q2	Summer	18RXX	Ambient	Ambient	Andie_plate2	Bacteria	Litter	Grass	Block_6	2020-Ambient	2020-Ambient
376	P016-CGCCGTACTTGC	59	2014-Q4-07LRX	2014	Q4	Winter	07LRX	Drought	Ambient	Andie_plate2	Bacteria	Litter	Grass	Block_3	2014-Drought	2014-Ambient
377	P017-TATCATATTACG	44	2012-Q2-07LRX	2012	Q2	Summer	07LRX	Drought	Ambient	Andie_plate2	Bacteria	Litter	Grass	Block_3	2012-Drought	2012-Ambient
378	P018-CCTTGACCGATG	95	2022-Q4-14RRX	2022	Q4	Winter	14RRX	Drought	Ambient	Andie_plate2	Bacteria	Litter	Grass	Block_6	2022-Drought	2022-Ambient
379	P019-AGCTCTAGAAAC	221	2015-Q1-05RRX	2015	Q1	Spring	05RRX	Drought	Ambient	Andie_plate2	Bacteria	Litter	Grass	Block_2	2015-Drought	2015-Ambient
380	P020-AATGTTCAACTT	202	2018-Q4-20LRX	2018	Q4	Winter	20LRX	Drought	Ambient	Andie_plate2	Bacteria	Litter	Grass	Block_8	2018-Drought	2018-Ambient
381	P021-CAATCATAGGTG	229	2019-Q2-05RRX	2019	Q2	Summer	05RRX	Drought	Ambient	Andie_plate2	Bacteria	Litter	Grass	Block_2	2019-Drought	2019-Ambient
382	P022-CCGATAAAGGTT	285	2015-Q1-07LRX	2015	Q1	Spring	07LRX	Drought	Ambient	Andie_plate2	Bacteria	Litter	Grass	Block_3	2015-Drought	2015-Ambient
383	P023-GCGTGCCCGGCC	176	2019-Q3-05RRX	2019	Q3	Fall	05RRX	Drought	Ambient	Andie_plate2	Bacteria	Litter	Grass	Block_2	2019-Drought	2019-Ambient
384	P024-TAAACCTGGACA	197	2019-Q2-20LRX	2019	Q2	Summer	20LRX	Drought	Ambient	Andie_plate2	Bacteria	Litter	Grass	Block_8	2019-Drought	2019-Ambient
385	P025-CTATATTATCCG	105	2018-Q2-22RXN	2018	Q2	Summer	22RXN	Ambient	Added	Andie_plate2	Bacteria	Litter	Grass	Block_8	2018-Ambient	2018-Added
386	P026-CAAACTGCGTTG	188	2022-Q3-08RXN	2022	Q3	Fall	08RXN	Ambient	Added	Andie_plate2	Bacteria	Litter	Grass	Block_3	2022-Ambient	2022-Added
387	P027-CTGACACGAATA	340	2019-Q1-05RRX	2019	Q1	Spring	05RRX	Drought	Ambient	Andie_plate2	Bacteria	Litter	Grass	Block_2	2019-Drought	2019-Ambient
388	P028-AGCAGTGCGGTG	233	2015-Q1-08RXN	2015	Q1	Spring	08RXN	Ambient	Added	Andie_plate2	Bacteria	Litter	Grass	Block_3	2015-Ambient	2015-Added
389	P029-GTTGGACGAAGG	103	2015-Q2-18RXX	2015	Q2	Summer	18RXX	Ambient	Ambient	Andie_plate2	Bacteria	Litter	Grass	Block_6	2015-Ambient	2015-Ambient
390	P030-CAGGAACCAGGA	154	2014-Q4-18LXN	2014	Q4	Winter	18LXN	Ambient	Added	Andie_plate2	Bacteria	Litter	Grass	Block_6	2014-Ambient	2014-Added
391	P031-CAAAGGAGCCCG	94	2015-Q2-20LRX	2015	Q2	Summer	20LRX	Drought	Ambient	Andie_plate2	Bacteria	Litter	Grass	Block_8	2015-Drought	2015-Ambient
392	P032-CCAACCCAGATC	204	2019-Q3-04RXN	2019	Q3	Fall	04RXN	Ambient	Added	Andie_plate2	Bacteria	Litter	Grass	Block_2	2019-Ambient	2019-Added
393	P033-ACCGAACAATCC	75	2022-Q3-08LXX	2022	Q3	Fall	08LXX	Ambient	Ambient	Andie_plate2	Bacteria	Litter	Grass	Block_3	2022-Ambient	2022-Ambient
394	P034-TCGAGAGTTTGC	307	2020-Q3-04RXN	2020	Q3	Fall	04RXN	Ambient	Added	Andie_plate2	Bacteria	Litter	Grass	Block_2	2020-Ambient	2020-Added
395	P035-GCTGCCCACCTA	36	2022-Q4-18RXX	2022	Q4	Winter	18RXX	Ambient	Ambient	Andie_plate2	Bacteria	Litter	Grass	Block_6	2022-Ambient	2022-Ambient
396	P036-GCATATGCACTG	83	2014-Q4-22LXX	2014	Q4	Winter	22LXX	Ambient	Ambient	Andie_plate2	Bacteria	Litter	Grass	Block_8	2014-Ambient	2014-Ambient
397	P037-GTCACTCCGAAC	147	2015-Q1-14RRX	2015	Q1	Spring	14RRX	Drought	Ambient	Andie_plate2	Bacteria	Litter	Grass	Block_6	2015-Drought	2015-Ambient
398	P038-GCATAAACGACT	188	2020-Q3-05LRN	2020	Q3	Fall	05LRN	Drought	Added	Andie_plate2	Bacteria	Litter	Grass	Block_2	2020-Drought	2020-Added
399	P039-TGCGGCGTCAGG	201	2018-Q4-22RXN	2018	Q4	Winter	22RXN	Ambient	Added	Andie_plate2	Bacteria	Litter	Grass	Block_8	2018-Ambient	2018-Added
400	P040-TTAAGTTAAGTT	154	2018-Q4-04LXX	2018	Q4	Winter	04LXX	Ambient	Ambient	Andie_plate2	Bacteria	Litter	Grass	Block_2	2018-Ambient	2018-Ambient
401	P041-ACGGTACCCTAC	145	2015-Q4-18RXX	2015	Q4	Winter	18RXX	Ambient	Ambient	Andie_plate2	Bacteria	Litter	Grass	Block_6	2015-Ambient	2015-Ambient
402	P042-CGACACGGAGAA	194	2022-Q1-22RXN	2022	Q1	Spring	22RXN	Ambient	Added	Andie_plate2	Bacteria	Litter	Grass	Block_8	2022-Ambient	2022-Added
403	P043-GCGTTTGCTAGC	36	2022-Q2-05LRN	2022	Q2	Summer	05LRN	Drought	Added	Andie_plate2	Bacteria	Litter	Grass	Block_2	2022-Drought	2022-Added
404	P044-CCGGCGACAGAA	118	2018-Q2-05RRX	2018	Q2	Summer	05RRX	Drought	Ambient	Andie_plate2	Bacteria	Litter	Grass	Block_2	2018-Drought	2018-Ambient
405	P045-CGTTCTGGTGGT	138	2012-Q2-05RRX	2012	Q2	Summer	05RRX	Drought	Ambient	Andie_plate2	Bacteria	Litter	Grass	Block_2	2012-Drought	2012-Ambient
406	P046-ATCGTAGTGGTC	97	2022-Q2-04RXN	2022	Q2	Summer	04RXN	Ambient	Added	Andie_plate2	Bacteria	Litter	Grass	Block_2	2022-Ambient	2022-Added
407	P047-CGCTGTGGATTA	52	2015-Q1-18LXN	2015	Q1	Spring	18LXN	Ambient	Added	Andie_plate2	Bacteria	Litter	Grass	Block_6	2015-Ambient	2015-Added
408	P048-AGCCGCGGGTCC	119	2020-Q2-08RXN	2020	Q2	Summer	08RXN	Ambient	Added	Andie_plate2	Bacteria	Litter	Grass	Block_3	2020-Ambient	2020-Added
409	P049-TGAGTCATTGAG	368	2020-Q4-14LRN	2020	Q4	Winter	14LRN	Drought	Added	Andie_plate2	Bacteria	Litter	Grass	Block_6	2020-Drought	2020-Added
410	P050-TCCACAGGGTTC	247	2014-Q4-04LXX	2014	Q4	Winter	04LXX	Ambient	Ambient	Andie_plate2	Bacteria	Litter	Grass	Block_2	2014-Ambient	2014-Ambient
411	P051-AGATCGTGCCTA	215	2014-Q4-08LXX	2014	Q4	Winter	08LXX	Ambient	Ambient	Andie_plate2	Bacteria	Litter	Grass	Block_3	2014-Ambient	2014-Ambient
412	P052-CCTCACTAGCGA	347	2019-Q1-04RXN	2019	Q1	Spring	04RXN	Ambient	Added	Andie_plate2	Bacteria	Litter	Grass	Block_2	2019-Ambient	2019-Added
413	P053-TAGTTCGGTGAC	40	2022-Q1-04LXX	2022	Q1	Spring	04LXX	Ambient	Ambient	Andie_plate2	Bacteria	Litter	Grass	Block_2	2022-Ambient	2022-Ambient
414	P054-ACTAAAGCAAAC	306	2015-Q4-18LXN	2015	Q4	Winter	18LXN	Ambient	Added	Andie_plate2	Bacteria	Litter	Grass	Block_6	2015-Ambient	2015-Added
415	P055-CTTGCTCATAAT	191	2019-Q3-22LXX	2019	Q3	Fall	22LXX	Ambient	Ambient	Andie_plate2	Bacteria	Litter	Grass	Block_8	2019-Ambient	2019-Ambient
416	P056-GGTAGTTCATAG	175	2012-Q2-20RRN	2012	Q2	Summer	20RRN	Drought	Added	Andie_plate2	Bacteria	Litter	Grass	Block_8	2012-Drought	2012-Added
417	P057-ACCTACTTGTCT	120	2015-Q4-22LXX	2015	Q4	Winter	22LXX	Ambient	Ambient	Andie_plate2	Bacteria	Litter	Grass	Block_8	2015-Ambient	2015-Ambient
418	P058-GGAGAACGACAC	82	2022-Q2-20LRX	2022	Q2	Summer	20LRX	Drought	Ambient	Andie_plate2	Bacteria	Litter	Grass	Block_8	2022-Drought	2022-Ambient
419	P060-CTAATCAGAGTG	270	2020-Q2-14LRN	2020	Q2	Summer	14LRN	Drought	Added	Andie_plate2	Bacteria	Litter	Grass	Block_6	2020-Drought	2020-Added
420	P061-TTAATGGATCGG	149	2019-Q1-20LRX	2019	Q1	Spring	20LRX	Drought	Ambient	Andie_plate2	Bacteria	Litter	Grass	Block_8	2019-Drought	2019-Ambient
421	P062-TAGGAACTCACC	162	2015-Q1-04RXN	2015	Q1	Spring	04RXN	Ambient	Added	Andie_plate2	Bacteria	Litter	Grass	Block_2	2015-Ambient	2015-Added
422	P063-ACGACAACGGGC	298	2019-Q1-08LXX	2019	Q1	Spring	08LXX	Ambient	Ambient	Andie_plate2	Bacteria	Litter	Grass	Block_3	2019-Ambient	2019-Ambient
423	P064-CGATGAATATCG	204	2018-Q4-14RRX	2018	Q4	Winter	14RRX	Drought	Ambient	Andie_plate2	Bacteria	Litter	Grass	Block_6	2018-Drought	2018-Ambient
424	P065-ACTGTGACGTCC	239	2022-Q2-05RRX	2022	Q2	Summer	05RRX	Drought	Ambient	Andie_plate2	Bacteria	Litter	Grass	Block_2	2022-Drought	2022-Ambient
425	P066-CCTACCATTGTT	243	2018-Q4-18LXN	2018	Q4	Winter	18LXN	Ambient	Added	Andie_plate2	Bacteria	Litter	Grass	Block_6	2018-Ambient	2018-Added
426	P067-CATTTCGCACTT	298	2019-Q2-22LXX	2019	Q2	Summer	22LXX	Ambient	Ambient	Andie_plate2	Bacteria	Litter	Grass	Block_8	2019-Ambient	2019-Ambient
427	P068-CTACTCCACGAG	225	2015-Q2-07LRX	2015	Q2	Summer	07LRX	Drought	Ambient	Andie_plate2	Bacteria	Litter	Grass	Block_3	2015-Drought	2015-Ambient
428	P069-TCAAGTCCGCAC	392	2019-Q1-22LXX	2019	Q1	Spring	22LXX	Ambient	Ambient	Andie_plate2	Bacteria	Litter	Grass	Block_8	2019-Ambient	2019-Ambient
429	P070-CTAGCGTGCGTT	233	2019-Q3-20LRX	2019	Q3	Fall	20LRX	Drought	Ambient	Andie_plate2	Bacteria	Litter	Grass	Block_8	2019-Drought	2019-Ambient
430	P071-GTTCTAAGGTGA	177	2019-Q3-20RRN	2019	Q3	Fall	20RRN	Drought	Added	Andie_plate2	Bacteria	Litter	Grass	Block_8	2019-Drought	2019-Added
