sampleid	description	Year	Quarter	Season	Location_Code	Water Treatment	Nitrogen	seqrun	Microbe	contents	Ecosystem	Block	YW	YN
P001-CTACAGGGTCTC	2018-Q3-07LRX	2018	Q3	Fall	07LRX	Drought	Ambient	Andie_plate2	Bacteria	Litter	Grass	Block_3	2018-Drought	2018-Ambient
P002-GTTCATTAAACT	2015-Q4-20LRX	2015	Q4	Winter	20LRX	Drought	Ambient	Andie_plate2	Bacteria	Litter	Grass	Block_8	2015-Drought	2015-Ambient
P003-TTCGATGCCGCA	2015-Q2-18LXN	2015	Q2	Summer	18LXN	Ambient	Added	Andie_plate2	Bacteria	Litter	Grass	Block_6	2015-Ambient	2015-Added
P004-TCGTTATTCAGT	2022-Q4-14LRN	2022	Q4	Winter	14LRN	Drought	Added	Andie_plate2	Bacteria	Litter	Grass	Block_6	2022-Drought	2022-Added
P005-ACTCTGTAATTA	2022-Q2-14LRN	2022	Q2	Summer	14LRN	Drought	Added	Andie_plate2	Bacteria	Litter	Grass	Block_6	2022-Drought	2022-Added
P006-ATATGTTCTCAA	2015-Q4-04RXN	2015	Q4	Winter	04RXN	Ambient	Added	Andie_plate2	Bacteria	Litter	Grass	Block_2	2015-Ambient	2015-Added
P007-TCAGACCAACTG	2012-Q2-08LXX	2012	Q2	Summer	08LXX	Ambient	Ambient	Andie_plate2	Bacteria	Litter	Grass	Block_3	2012-Ambient	2012-Ambient
P008-TCATTAGCGTGG	2018-Q4-22LXX	2018	Q4	Winter	22LXX	Ambient	Ambient	Andie_plate2	Bacteria	Litter	Grass	Block_8	2018-Ambient	2018-Ambient
P009-CTTGGAGGCTTA	2015-Q2-14RRX	2015	Q2	Summer	14RRX	Drought	Ambient	Andie_plate2	Bacteria	Litter	Grass	Block_6	2015-Drought	2015-Ambient
P010-GTGCCGGCCGAC	2015-Q4-14RRX	2015	Q4	Winter	14RRX	Drought	Ambient	Andie_plate2	Bacteria	Litter	Grass	Block_6	2015-Drought	2015-Ambient
P011-AGAGGGTGATCG	2022-Q4-04LXX	2022	Q4	Winter	04LXX	Ambient	Ambient	Andie_plate2	Bacteria	Litter	Grass	Block_2	2022-Ambient	2022-Ambient
P012-GGATACTCGCAT	2022-Q1-07RRN	2022	Q1	Spring	07RRN	Drought	Added	Andie_plate2	Bacteria	Litter	Grass	Block_3	2022-Drought	2022-Added
P013-TCATGGCCTCCG	2019-Q3-07LRX	2019	Q3	Fall	07LRX	Drought	Ambient	Andie_plate2	Bacteria	Litter	Grass	Block_3	2019-Drought	2019-Ambient
P014-ATGTGCTGCTCG	2012-Q2-20LRX	2012	Q2	Summer	20LRX	Drought	Ambient	Andie_plate2	Bacteria	Litter	Grass	Block_8	2012-Drought	2012-Ambient
P015-CCACGAGCAGGC	2020-Q2-18RXX	2020	Q2	Summer	18RXX	Ambient	Ambient	Andie_plate2	Bacteria	Litter	Grass	Block_6	2020-Ambient	2020-Ambient
P016-CGCCGTACTTGC	2014-Q4-07LRX	2014	Q4	Winter	07LRX	Drought	Ambient	Andie_plate2	Bacteria	Litter	Grass	Block_3	2014-Drought	2014-Ambient
P017-TATCATATTACG	2012-Q2-07LRX	2012	Q2	Summer	07LRX	Drought	Ambient	Andie_plate2	Bacteria	Litter	Grass	Block_3	2012-Drought	2012-Ambient
P018-CCTTGACCGATG	2022-Q4-14RRX	2022	Q4	Winter	14RRX	Drought	Ambient	Andie_plate2	Bacteria	Litter	Grass	Block_6	2022-Drought	2022-Ambient
P019-AGCTCTAGAAAC	2015-Q1-05RRX	2015	Q1	Spring	05RRX	Drought	Ambient	Andie_plate2	Bacteria	Litter	Grass	Block_2	2015-Drought	2015-Ambient
P020-AATGTTCAACTT	2018-Q4-20LRX	2018	Q4	Winter	20LRX	Drought	Ambient	Andie_plate2	Bacteria	Litter	Grass	Block_8	2018-Drought	2018-Ambient
P021-CAATCATAGGTG	2019-Q2-05RRX	2019	Q2	Summer	05RRX	Drought	Ambient	Andie_plate2	Bacteria	Litter	Grass	Block_2	2019-Drought	2019-Ambient
P022-CCGATAAAGGTT	2015-Q1-07LRX	2015	Q1	Spring	07LRX	Drought	Ambient	Andie_plate2	Bacteria	Litter	Grass	Block_3	2015-Drought	2015-Ambient
P023-GCGTGCCCGGCC	2019-Q3-05RRX	2019	Q3	Fall	05RRX	Drought	Ambient	Andie_plate2	Bacteria	Litter	Grass	Block_2	2019-Drought	2019-Ambient
P024-TAAACCTGGACA	2019-Q2-20LRX	2019	Q2	Summer	20LRX	Drought	Ambient	Andie_plate2	Bacteria	Litter	Grass	Block_8	2019-Drought	2019-Ambient
P025-CTATATTATCCG	2018-Q2-22RXN	2018	Q2	Summer	22RXN	Ambient	Added	Andie_plate2	Bacteria	Litter	Grass	Block_8	2018-Ambient	2018-Added
P026-CAAACTGCGTTG	2022-Q3-08RXN	2022	Q3	Fall	08RXN	Ambient	Added	Andie_plate2	Bacteria	Litter	Grass	Block_3	2022-Ambient	2022-Added
P027-CTGACACGAATA	2019-Q1-05RRX	2019	Q1	Spring	05RRX	Drought	Ambient	Andie_plate2	Bacteria	Litter	Grass	Block_2	2019-Drought	2019-Ambient
P028-AGCAGTGCGGTG	2015-Q1-08RXN	2015	Q1	Spring	08RXN	Ambient	Added	Andie_plate2	Bacteria	Litter	Grass	Block_3	2015-Ambient	2015-Added
P029-GTTGGACGAAGG	2015-Q2-18RXX	2015	Q2	Summer	18RXX	Ambient	Ambient	Andie_plate2	Bacteria	Litter	Grass	Block_6	2015-Ambient	2015-Ambient
P030-CAGGAACCAGGA	2014-Q4-18LXN	2014	Q4	Winter	18LXN	Ambient	Added	Andie_plate2	Bacteria	Litter	Grass	Block_6	2014-Ambient	2014-Added
P031-CAAAGGAGCCCG	2015-Q2-20LRX	2015	Q2	Summer	20LRX	Drought	Ambient	Andie_plate2	Bacteria	Litter	Grass	Block_8	2015-Drought	2015-Ambient
P032-CCAACCCAGATC	2019-Q3-04RXN	2019	Q3	Fall	04RXN	Ambient	Added	Andie_plate2	Bacteria	Litter	Grass	Block_2	2019-Ambient	2019-Added
P033-ACCGAACAATCC	2022-Q3-08LXX	2022	Q3	Fall	08LXX	Ambient	Ambient	Andie_plate2	Bacteria	Litter	Grass	Block_3	2022-Ambient	2022-Ambient
P034-TCGAGAGTTTGC	2020-Q3-04RXN	2020	Q3	Fall	04RXN	Ambient	Added	Andie_plate2	Bacteria	Litter	Grass	Block_2	2020-Ambient	2020-Added
P035-GCTGCCCACCTA	2022-Q4-18RXX	2022	Q4	Winter	18RXX	Ambient	Ambient	Andie_plate2	Bacteria	Litter	Grass	Block_6	2022-Ambient	2022-Ambient
P036-GCATATGCACTG	2014-Q4-22LXX	2014	Q4	Winter	22LXX	Ambient	Ambient	Andie_plate2	Bacteria	Litter	Grass	Block_8	2014-Ambient	2014-Ambient
P037-GTCACTCCGAAC	2015-Q1-14RRX	2015	Q1	Spring	14RRX	Drought	Ambient	Andie_plate2	Bacteria	Litter	Grass	Block_6	2015-Drought	2015-Ambient
P038-GCATAAACGACT	2020-Q3-05LRN	2020	Q3	Fall	05LRN	Drought	Added	Andie_plate2	Bacteria	Litter	Grass	Block_2	2020-Drought	2020-Added
P039-TGCGGCGTCAGG	2018-Q4-22RXN	2018	Q4	Winter	22RXN	Ambient	Added	Andie_plate2	Bacteria	Litter	Grass	Block_8	2018-Ambient	2018-Added
P040-TTAAGTTAAGTT	2018-Q4-04LXX	2018	Q4	Winter	04LXX	Ambient	Ambient	Andie_plate2	Bacteria	Litter	Grass	Block_2	2018-Ambient	2018-Ambient
P041-ACGGTACCCTAC	2015-Q4-18RXX	2015	Q4	Winter	18RXX	Ambient	Ambient	Andie_plate2	Bacteria	Litter	Grass	Block_6	2015-Ambient	2015-Ambient
P042-CGACACGGAGAA	2022-Q1-22RXN	2022	Q1	Spring	22RXN	Ambient	Added	Andie_plate2	Bacteria	Litter	Grass	Block_8	2022-Ambient	2022-Added
P043-GCGTTTGCTAGC	2022-Q2-05LRN	2022	Q2	Summer	05LRN	Drought	Added	Andie_plate2	Bacteria	Litter	Grass	Block_2	2022-Drought	2022-Added
P044-CCGGCGACAGAA	2018-Q2-05RRX	2018	Q2	Summer	05RRX	Drought	Ambient	Andie_plate2	Bacteria	Litter	Grass	Block_2	2018-Drought	2018-Ambient
P045-CGTTCTGGTGGT	2012-Q2-05RRX	2012	Q2	Summer	05RRX	Drought	Ambient	Andie_plate2	Bacteria	Litter	Grass	Block_2	2012-Drought	2012-Ambient
P046-ATCGTAGTGGTC	2022-Q2-04RXN	2022	Q2	Summer	04RXN	Ambient	Added	Andie_plate2	Bacteria	Litter	Grass	Block_2	2022-Ambient	2022-Added
P047-CGCTGTGGATTA	2015-Q1-18LXN	2015	Q1	Spring	18LXN	Ambient	Added	Andie_plate2	Bacteria	Litter	Grass	Block_6	2015-Ambient	2015-Added
P048-AGCCGCGGGTCC	2020-Q2-08RXN	2020	Q2	Summer	08RXN	Ambient	Added	Andie_plate2	Bacteria	Litter	Grass	Block_3	2020-Ambient	2020-Added
P049-TGAGTCATTGAG	2020-Q4-14LRN	2020	Q4	Winter	14LRN	Drought	Added	Andie_plate2	Bacteria	Litter	Grass	Block_6	2020-Drought	2020-Added
P050-TCCACAGGGTTC	2014-Q4-04LXX	2014	Q4	Winter	04LXX	Ambient	Ambient	Andie_plate2	Bacteria	Litter	Grass	Block_2	2014-Ambient	2014-Ambient
P051-AGATCGTGCCTA	2014-Q4-08LXX	2014	Q4	Winter	08LXX	Ambient	Ambient	Andie_plate2	Bacteria	Litter	Grass	Block_3	2014-Ambient	2014-Ambient
P052-CCTCACTAGCGA	2019-Q1-04RXN	2019	Q1	Spring	04RXN	Ambient	Added	Andie_plate2	Bacteria	Litter	Grass	Block_2	2019-Ambient	2019-Added
P053-TAGTTCGGTGAC	2022-Q1-04LXX	2022	Q1	Spring	04LXX	Ambient	Ambient	Andie_plate2	Bacteria	Litter	Grass	Block_2	2022-Ambient	2022-Ambient
P054-ACTAAAGCAAAC	2015-Q4-18LXN	2015	Q4	Winter	18LXN	Ambient	Added	Andie_plate2	Bacteria	Litter	Grass	Block_6	2015-Ambient	2015-Added
P055-CTTGCTCATAAT	2019-Q3-22LXX	2019	Q3	Fall	22LXX	Ambient	Ambient	Andie_plate2	Bacteria	Litter	Grass	Block_8	2019-Ambient	2019-Ambient
P056-GGTAGTTCATAG	2012-Q2-20RRN	2012	Q2	Summer	20RRN	Drought	Added	Andie_plate2	Bacteria	Litter	Grass	Block_8	2012-Drought	2012-Added
P057-ACCTACTTGTCT	2015-Q4-22LXX	2015	Q4	Winter	22LXX	Ambient	Ambient	Andie_plate2	Bacteria	Litter	Grass	Block_8	2015-Ambient	2015-Ambient
P058-GGAGAACGACAC	2022-Q2-20LRX	2022	Q2	Summer	20LRX	Drought	Ambient	Andie_plate2	Bacteria	Litter	Grass	Block_8	2022-Drought	2022-Ambient
P059-AATTAATATGTA	2020-Q4-05LRN	2020	Q4	Winter	05LRN	Drought	Added	Andie_plate2	Bacteria	Litter	Grass	Block_2	2020-Drought	2020-Added
P060-CTAATCAGAGTG	2020-Q2-14LRN	2020	Q2	Summer	14LRN	Drought	Added	Andie_plate2	Bacteria	Litter	Grass	Block_6	2020-Drought	2020-Added
P061-TTAATGGATCGG	2019-Q1-20LRX	2019	Q1	Spring	20LRX	Drought	Ambient	Andie_plate2	Bacteria	Litter	Grass	Block_8	2019-Drought	2019-Ambient
P062-TAGGAACTCACC	2015-Q1-04RXN	2015	Q1	Spring	04RXN	Ambient	Added	Andie_plate2	Bacteria	Litter	Grass	Block_2	2015-Ambient	2015-Added
P063-ACGACAACGGGC	2019-Q1-08LXX	2019	Q1	Spring	08LXX	Ambient	Ambient	Andie_plate2	Bacteria	Litter	Grass	Block_3	2019-Ambient	2019-Ambient
P064-CGATGAATATCG	2018-Q4-14RRX	2018	Q4	Winter	14RRX	Drought	Ambient	Andie_plate2	Bacteria	Litter	Grass	Block_6	2018-Drought	2018-Ambient
P065-ACTGTGACGTCC	2022-Q2-05RRX	2022	Q2	Summer	05RRX	Drought	Ambient	Andie_plate2	Bacteria	Litter	Grass	Block_2	2022-Drought	2022-Ambient
P066-CCTACCATTGTT	2018-Q4-18LXN	2018	Q4	Winter	18LXN	Ambient	Added	Andie_plate2	Bacteria	Litter	Grass	Block_6	2018-Ambient	2018-Added
P067-CATTTCGCACTT	2019-Q2-22LXX	2019	Q2	Summer	22LXX	Ambient	Ambient	Andie_plate2	Bacteria	Litter	Grass	Block_8	2019-Ambient	2019-Ambient
P068-CTACTCCACGAG	2015-Q2-07LRX	2015	Q2	Summer	07LRX	Drought	Ambient	Andie_plate2	Bacteria	Litter	Grass	Block_3	2015-Drought	2015-Ambient
P069-TCAAGTCCGCAC	2019-Q1-22LXX	2019	Q1	Spring	22LXX	Ambient	Ambient	Andie_plate2	Bacteria	Litter	Grass	Block_8	2019-Ambient	2019-Ambient
P070-CTAGCGTGCGTT	2019-Q3-20LRX	2019	Q3	Fall	20LRX	Drought	Ambient	Andie_plate2	Bacteria	Litter	Grass	Block_8	2019-Drought	2019-Ambient
P071-GTTCTAAGGTGA	2019-Q3-20RRN	2019	Q3	Fall	20RRN	Drought	Added	Andie_plate2	Bacteria	Litter	Grass	Block_8	2019-Drought	2019-Added
2020100704LXXR1L	2020-10-07-04LXX-R1-L	2020	Q3	Fall	04LXX	Ambient	Ambient	Kristin	Bacteria	Litter	Grass	Block_2	2020-Ambient	2020-Ambient
2020100705RRXR1L	2020-10-07-05RRX-R1-L	2020	Q3	Fall	05RRX	Drought	Ambient	Kristin	Bacteria	Litter	Grass	Block_2	2020-Drought	2020-Ambient
2020100707LRXR1L	2020-10-07-07LRX-R1-L	2020	Q3	Fall	07LRX	Drought	Ambient	Kristin	Bacteria	Litter	Grass	Block_3	2020-Drought	2020-Ambient
2020100708LXXR1L	2020-10-07-08LXX-R1-L	2020	Q3	Fall	08LXX	Ambient	Ambient	Kristin	Bacteria	Litter	Grass	Block_3	2020-Ambient	2020-Ambient
2020100714RRXR1L	2020-10-07-14RRX-R1-L	2020	Q3	Fall	14RRX	Drought	Ambient	Kristin	Bacteria	Litter	Grass	Block_6	2020-Drought	2020-Ambient
2020100718RXXR1L	2020-10-07-18RXX-R1-L	2020	Q3	Fall	18RXX	Ambient	Ambient	Kristin	Bacteria	Litter	Grass	Block_6	2020-Ambient	2020-Ambient
2020100720LRXR1L	2020-10-07-20LRX-R1-L	2020	Q3	Fall	20LRX	Drought	Ambient	Kristin	Bacteria	Litter	Grass	Block_8	2020-Drought	2020-Ambient
2020100722LXXR1L	2020-10-07-22LXX-R1-L	2020	Q3	Fall	22LXX	Ambient	Ambient	Kristin	Bacteria	Litter	Grass	Block_8	2020-Ambient	2020-Ambient
2020111804LXXR1L	2020-11-18-04LXX-R1-L	2020	Q3	Fall	04LXX	Ambient	Ambient	Kristin	Bacteria	Litter	Grass	Block_2	2020-Ambient	2020-Ambient
2020111805RRXR1L	2020-11-18-05RRX-R1-L	2020	Q3	Fall	05RRX	Drought	Ambient	Kristin	Bacteria	Litter	Grass	Block_2	2020-Drought	2020-Ambient
2020111807LRXR1L	2020-11-18-07LRX-R1-L	2020	Q3	Fall	07LRX	Drought	Ambient	Kristin	Bacteria	Litter	Grass	Block_3	2020-Drought	2020-Ambient
2020111808LXXR1L	2020-11-18-08LXX-R1-L	2020	Q3	Fall	08LXX	Ambient	Ambient	Kristin	Bacteria	Litter	Grass	Block_3	2020-Ambient	2020-Ambient
2020111814RRXR1L	2020-11-18-14RRX-R1-L	2020	Q3	Fall	14RRX	Drought	Ambient	Kristin	Bacteria	Litter	Grass	Block_6	2020-Drought	2020-Ambient
2020111818RXXR1L	2020-11-18-18RXX-R1-L	2020	Q3	Fall	18RXX	Ambient	Ambient	Kristin	Bacteria	Litter	Grass	Block_6	2020-Ambient	2020-Ambient
2020111820LRXR1L	2020-11-18-20LRX-R1-L	2020	Q3	Fall	20LRX	Drought	Ambient	Kristin	Bacteria	Litter	Grass	Block_8	2020-Drought	2020-Ambient
2020111822LXXR1L	2020-11-18-22LXX-R1-L	2020	Q3	Fall	22LXX	Ambient	Ambient	Kristin	Bacteria	Litter	Grass	Block_8	2020-Ambient	2020-Ambient
2021012704LXXR1L	2021-01-27-04LXX-R1-L	2021	Q4	Winter	04LXX	Ambient	Ambient	Kristin	Bacteria	Litter	Grass	Block_2	2021-Ambient	2021-Ambient
2021012705RRXR1L	2021-01-27-05RRX-R1-L	2021	Q4	Winter	05RRX	Drought	Ambient	Kristin	Bacteria	Litter	Grass	Block_2	2021-Drought	2021-Ambient
2021012707LRXR1L	2021-01-27-07LRX-R1-L	2021	Q4	Winter	07LRX	Drought	Ambient	Kristin	Bacteria	Litter	Grass	Block_3	2021-Drought	2021-Ambient
2021012708LXXR1L	2021-01-27-08LXX-R1-L	2021	Q4	Winter	08LXX	Ambient	Ambient	Kristin	Bacteria	Litter	Grass	Block_3	2021-Ambient	2021-Ambient
2021012714RRXR1L	2021-01-27-14RRX-R1-L	2021	Q4	Winter	14RRX	Drought	Ambient	Kristin	Bacteria	Litter	Grass	Block_6	2021-Drought	2021-Ambient
2021012718RXXR1L	2021-01-27-18RXX-R1-L	2021	Q4	Winter	18RXX	Ambient	Ambient	Kristin	Bacteria	Litter	Grass	Block_6	2021-Ambient	2021-Ambient
2021012720LRXR1L	2021-01-27-20LRX-R1-L	2021	Q4	Winter	20LRX	Drought	Ambient	Kristin	Bacteria	Litter	Grass	Block_8	2021-Drought	2021-Ambient
2021012722LXXR1L	2021-01-27-22LXX-R1-L	2021	Q4	Winter	22LXX	Ambient	Ambient	Kristin	Bacteria	Litter	Grass	Block_8	2021-Ambient	2021-Ambient
2021022404LXXR1L	2021-02-24-04LXX-R1-L	2021	Q1	Spring	04LXX	Ambient	Ambient	Kristin	Bacteria	Litter	Grass	Block_2	2021-Ambient	2021-Ambient
2021022405RRXR1L	2021-02-24-05RRX-R1-L	2021	Q1	Spring	05RRX	Drought	Ambient	Kristin	Bacteria	Litter	Grass	Block_2	2021-Drought	2021-Ambient
2021022407LRXR1L	2021-02-24-07LRX-R1-L	2021	Q1	Spring	07LRX	Drought	Ambient	Kristin	Bacteria	Litter	Grass	Block_3	2021-Drought	2021-Ambient
2021022408LXXR1L	2021-02-24-08LXX-R1-L	2021	Q1	Spring	08LXX	Ambient	Ambient	Kristin	Bacteria	Litter	Grass	Block_3	2021-Ambient	2021-Ambient
2021022414RRXR1L	2021-02-24-14RRX-R1-L	2021	Q1	Spring	14RRX	Drought	Ambient	Kristin	Bacteria	Litter	Grass	Block_6	2021-Drought	2021-Ambient
2021022418RXXR1L	2021-02-24-18RXX-R1-L	2021	Q1	Spring	18RXX	Ambient	Ambient	Kristin	Bacteria	Litter	Grass	Block_6	2021-Ambient	2021-Ambient
2021022420LRXR1L	2021-02-24-20LRX-R1-L	2021	Q1	Spring	20LRX	Drought	Ambient	Kristin	Bacteria	Litter	Grass	Block_8	2021-Drought	2021-Ambient
2021022422LXXR1L	2021-02-24-22LXX-R1-L	2021	Q1	Spring	22LXX	Ambient	Ambient	Kristin	Bacteria	Litter	Grass	Block_8	2021-Ambient	2021-Ambient
2012Q204LXX	2012-Q2-04LXX	2012	Q2	Summer	04LXX	Ambient	Ambient	Plate134	Bacteria	Litter	Grass	Block_2	2012-Ambient	2012-Ambient
2012Q204RXN	2012-Q2-04RXN	2012	Q2	Summer	04RXN	Ambient	Added	Plate134	Bacteria	Litter	Grass	Block_2	2012-Ambient	2012-Added
2012Q205LRN	2012-Q2-05LRN	2012	Q2	Summer	05LRN	Drought	Added	Plate134	Bacteria	Litter	Grass	Block_2	2012-Drought	2012-Added
2012Q207RRN	2012-Q2-07RRN	2012	Q2	Summer	07RRN	Drought	Added	Plate134	Bacteria	Litter	Grass	Block_3	2012-Drought	2012-Added
2012Q208RXN	2012-Q2-08RXN	2012	Q2	Summer	08RXN	Ambient	Added	Plate134	Bacteria	Litter	Grass	Block_3	2012-Ambient	2012-Added
2012Q214LRN	2012-Q2-14LRN	2012	Q2	Summer	14LRN	Drought	Added	Plate134	Bacteria	Litter	Grass	Block_6	2012-Drought	2012-Added
2012Q214RRX	2012-Q2-14RRX	2012	Q2	Summer	14RRX	Drought	Ambient	Plate134	Bacteria	Litter	Grass	Block_6	2012-Drought	2012-Ambient
2012Q218LXN	2012-Q2-18LXN	2012	Q2	Summer	18LXN	Ambient	Added	Plate134	Bacteria	Litter	Grass	Block_6	2012-Ambient	2012-Added
2012Q218RXX	2012-Q2-18RXX	2012	Q2	Summer	18RXX	Ambient	Ambient	Plate134	Bacteria	Litter	Grass	Block_6	2012-Ambient	2012-Ambient
2012Q222LXX	2012-Q2-22LXX	2012	Q2	Summer	22LXX	Ambient	Ambient	Plate134	Bacteria	Litter	Grass	Block_8	2012-Ambient	2012-Ambient
2012Q222RXN	2012-Q2-22RXN	2012	Q2	Summer	22RXN	Ambient	Added	Plate134	Bacteria	Litter	Grass	Block_8	2012-Ambient	2012-Added
2014Q404RXN	2014-Q4-04RXN	2014	Q4	Winter	04RXN	Ambient	Added	Plate134	Bacteria	Litter	Grass	Block_2	2014-Ambient	2014-Added
2014Q405RRX	2014-Q4-05RRX	2014	Q4	Winter	05RRX	Drought	Ambient	Plate134	Bacteria	Litter	Grass	Block_2	2014-Drought	2014-Ambient
2014Q408RXN	2014-Q4-08RXN	2014	Q4	Winter	08RXN	Ambient	Added	Plate134	Bacteria	Litter	Grass	Block_3	2014-Ambient	2014-Added
2014Q414RRX	2014-Q4-14RRX	2014	Q4	Winter	14RRX	Drought	Ambient	Plate134	Bacteria	Litter	Grass	Block_6	2014-Drought	2014-Ambient
2014Q418RXX	2014-Q4-18RXX	2014	Q4	Winter	18RXX	Ambient	Ambient	Plate134	Bacteria	Litter	Grass	Block_6	2014-Ambient	2014-Ambient
2014Q420LRX	2014-Q4-20LRX	2014	Q4	Winter	20LRX	Drought	Ambient	Plate134	Bacteria	Litter	Grass	Block_8	2014-Drought	2014-Ambient
2014Q422RXN	2014-Q4-22RXN	2014	Q4	Winter	22RXN	Ambient	Added	Plate134	Bacteria	Litter	Grass	Block_8	2014-Ambient	2014-Added
2015Q104LXX	2015-Q1-04LXX	2015	Q1	Spring	04LXX	Ambient	Ambient	Plate134	Bacteria	Litter	Grass	Block_2	2015-Ambient	2015-Ambient
2015Q108LXX	2015-Q1-08LXX	2015	Q1	Spring	08LXX	Ambient	Ambient	Plate134	Bacteria	Litter	Grass	Block_3	2015-Ambient	2015-Ambient
2015Q118RXX	2015-Q1-18RXX	2015	Q1	Spring	18RXX	Ambient	Ambient	Plate134	Bacteria	Litter	Grass	Block_6	2015-Ambient	2015-Ambient
2015Q120LRX	2015-Q1-20LRX	2015	Q1	Spring	20LRX	Drought	Ambient	Plate134	Bacteria	Litter	Grass	Block_8	2015-Drought	2015-Ambient
2015Q122LXX	2015-Q1-22LXX	2015	Q1	Spring	22LXX	Ambient	Ambient	Plate134	Bacteria	Litter	Grass	Block_8	2015-Ambient	2015-Ambient
2015Q122RXN	2015-Q1-22RXN	2015	Q1	Spring	22RXN	Ambient	Added	Plate134	Bacteria	Litter	Grass	Block_8	2015-Ambient	2015-Added
2015Q204LXX	2015-Q2-04LXX	2015	Q2	Summer	04LXX	Ambient	Ambient	Plate134	Bacteria	Litter	Grass	Block_2	2015-Ambient	2015-Ambient
2015Q204RXN	2015-Q2-04RXN	2015	Q2	Summer	04RXN	Ambient	Added	Plate134	Bacteria	Litter	Grass	Block_2	2015-Ambient	2015-Added
2015Q205RRX	2015-Q2-05RRX	2015	Q2	Summer	05RRX	Drought	Ambient	Plate134	Bacteria	Litter	Grass	Block_2	2015-Drought	2015-Ambient
2015Q208LXX	2015-Q2-08LXX	2015	Q2	Summer	08LXX	Ambient	Ambient	Plate134	Bacteria	Litter	Grass	Block_3	2015-Ambient	2015-Ambient
2015Q208RXN	2015-Q2-08RXN	2015	Q2	Summer	08RXN	Ambient	Added	Plate134	Bacteria	Litter	Grass	Block_3	2015-Ambient	2015-Added
2015Q222LXX	2015-Q2-22LXX	2015	Q2	Summer	22LXX	Ambient	Ambient	Plate134	Bacteria	Litter	Grass	Block_8	2015-Ambient	2015-Ambient
2015Q222RXN	2015-Q2-22RXN	2015	Q2	Summer	22RXN	Ambient	Added	Plate134	Bacteria	Litter	Grass	Block_8	2015-Ambient	2015-Added
2015Q404LXX	2015-Q4-04LXX	2015	Q4	Winter	04LXX	Ambient	Ambient	Plate134	Bacteria	Litter	Grass	Block_2	2015-Ambient	2015-Ambient
2015Q405RRX	2015-Q4-05RRX	2015	Q4	Winter	05RRX	Drought	Ambient	Plate134	Bacteria	Litter	Grass	Block_2	2015-Drought	2015-Ambient
2015Q407LRX	2015-Q4-07LRX	2015	Q4	Winter	07LRX	Drought	Ambient	Plate134	Bacteria	Litter	Grass	Block_3	2015-Drought	2015-Ambient
2015Q408LXX	2015-Q4-08LXX	2015	Q4	Winter	08LXX	Ambient	Ambient	Plate134	Bacteria	Litter	Grass	Block_3	2015-Ambient	2015-Ambient
2015Q408RXN	2015-Q4-08RXN	2015	Q4	Winter	08RXN	Ambient	Added	Plate134	Bacteria	Litter	Grass	Block_3	2015-Ambient	2015-Added
2015Q422RXN	2015-Q4-22RXN	2015	Q4	Winter	22RXN	Ambient	Added	Plate134	Bacteria	Litter	Grass	Block_8	2015-Ambient	2015-Added
2018Q204LXX	2018-Q2-04LXX	2018	Q2	Summer	04LXX	Ambient	Ambient	Plate134	Bacteria	Litter	Grass	Block_2	2018-Ambient	2018-Ambient
2018Q204RXN	2018-Q2-04RXN	2018	Q2	Summer	04RXN	Ambient	Added	Plate134	Bacteria	Litter	Grass	Block_2	2018-Ambient	2018-Added
2018Q205LRN	2018-Q2-05LRN	2018	Q2	Summer	05LRN	Drought	Added	Plate134	Bacteria	Litter	Grass	Block_2	2018-Drought	2018-Added
2018Q207LRX	2018-Q2-07LRX	2018	Q2	Summer	07LRX	Drought	Ambient	Plate134	Bacteria	Litter	Grass	Block_3	2018-Drought	2018-Ambient
2018Q207RRN	2018-Q2-07RRN	2018	Q2	Summer	07RRN	Drought	Added	Plate134	Bacteria	Litter	Grass	Block_3	2018-Drought	2018-Added
2018Q208LXX	2018-Q2-08LXX	2018	Q2	Summer	08LXX	Ambient	Ambient	Plate134	Bacteria	Litter	Grass	Block_3	2018-Ambient	2018-Ambient
2018Q208RXN	2018-Q2-08RXN	2018	Q2	Summer	08RXN	Ambient	Added	Plate134	Bacteria	Litter	Grass	Block_3	2018-Ambient	2018-Added
2018Q214LRN	2018-Q2-14LRN	2018	Q2	Summer	14LRN	Drought	Added	Plate134	Bacteria	Litter	Grass	Block_6	2018-Drought	2018-Added
2018Q214RRX	2018-Q2-14RRX	2018	Q2	Summer	14RRX	Drought	Ambient	Plate134	Bacteria	Litter	Grass	Block_6	2018-Drought	2018-Ambient
2018Q218LXN	2018-Q2-18LXN	2018	Q2	Summer	18LXN	Ambient	Added	Plate134	Bacteria	Litter	Grass	Block_6	2018-Ambient	2018-Added
2018Q218RXX	2018-Q2-18RXX	2018	Q2	Summer	18RXX	Ambient	Ambient	Plate134	Bacteria	Litter	Grass	Block_6	2018-Ambient	2018-Ambient
2018Q220LRX	2018-Q2-20LRX	2018	Q2	Summer	20LRX	Drought	Ambient	Plate134	Bacteria	Litter	Grass	Block_8	2018-Drought	2018-Ambient
2018Q220RRN	2018-Q2-20RRN	2018	Q2	Summer	20RRN	Drought	Added	Plate134	Bacteria	Litter	Grass	Block_8	2018-Drought	2018-Added
2018Q222LXX	2018-Q2-22LXX	2018	Q2	Summer	22LXX	Ambient	Ambient	Plate134	Bacteria	Litter	Grass	Block_8	2018-Ambient	2018-Ambient
2018Q304LXX	2018-Q3-04LXX	2018	Q3	Fall	04LXX	Ambient	Ambient	Plate134	Bacteria	Litter	Grass	Block_2	2018-Ambient	2018-Ambient
2018Q304RXN	2018-Q3-04RXN	2018	Q3	Fall	04RXN	Ambient	Added	Plate134	Bacteria	Litter	Grass	Block_2	2018-Ambient	2018-Added
2018Q305LRN	2018-Q3-05LRN	2018	Q3	Fall	05LRN	Drought	Added	Plate134	Bacteria	Litter	Grass	Block_2	2018-Drought	2018-Added
2018Q305RRX	2018-Q3-05RRX	2018	Q3	Fall	05RRX	Drought	Ambient	Plate134	Bacteria	Litter	Grass	Block_2	2018-Drought	2018-Ambient
2018Q307LRX	2018-Q3-07LRX	2018	Q3	Fall	07LRX	Drought	Ambient	Plate134	Bacteria	Litter	Grass	Block_3	2018-Drought	2018-Ambient
2018Q307RRN	2018-Q3-07RRN	2018	Q3	Fall	07RRN	Drought	Added	Plate134	Bacteria	Litter	Grass	Block_3	2018-Drought	2018-Added
2018Q308LXX	2018-Q3-08LXX	2018	Q3	Fall	08LXX	Ambient	Ambient	Plate134	Bacteria	Litter	Grass	Block_3	2018-Ambient	2018-Ambient
2018Q308RXN	2018-Q3-08RXN	2018	Q3	Fall	08RXN	Ambient	Added	Plate134	Bacteria	Litter	Grass	Block_3	2018-Ambient	2018-Added
2018Q314LRN	2018-Q3-14LRN	2018	Q3	Fall	14LRN	Drought	Added	Plate134	Bacteria	Litter	Grass	Block_6	2018-Drought	2018-Added
2018Q314RRX	2018-Q3-14RRX	2018	Q3	Fall	14RRX	Drought	Ambient	Plate134	Bacteria	Litter	Grass	Block_6	2018-Drought	2018-Ambient
2018Q318LXN	2018-Q3-18LXN	2018	Q3	Fall	18LXN	Ambient	Added	Plate134	Bacteria	Litter	Grass	Block_6	2018-Ambient	2018-Added
2018Q318RXX	2018-Q3-18RXX	2018	Q3	Fall	18RXX	Ambient	Ambient	Plate134	Bacteria	Litter	Grass	Block_6	2018-Ambient	2018-Ambient
2018Q320RRN	2018-Q3-20RRN	2018	Q3	Fall	20RRN	Drought	Added	Plate134	Bacteria	Litter	Grass	Block_8	2018-Drought	2018-Added
2018Q322LXX	2018-Q3-22LXX	2018	Q3	Fall	22LXX	Ambient	Ambient	Plate134	Bacteria	Litter	Grass	Block_8	2018-Ambient	2018-Ambient
2018Q322RXN	2018-Q3-22RXN	2018	Q3	Fall	22RXN	Ambient	Added	Plate134	Bacteria	Litter	Grass	Block_8	2018-Ambient	2018-Added
2018Q405LRN	2018-Q4-05LRN	2018	Q4	Winter	05LRN	Drought	Added	Plate134	Bacteria	Litter	Grass	Block_2	2018-Drought	2018-Added
2018Q405RRX	2018-Q4-05RRX	2018	Q4	Winter	05RRX	Drought	Ambient	Plate134	Bacteria	Litter	Grass	Block_2	2018-Drought	2018-Ambient
2018Q407LRX	2018-Q4-07LRX	2018	Q4	Winter	07LRX	Drought	Ambient	Plate134	Bacteria	Litter	Grass	Block_3	2018-Drought	2018-Ambient
2018Q407RRN	2018-Q4-07RRN	2018	Q4	Winter	07RRN	Drought	Added	Plate134	Bacteria	Litter	Grass	Block_3	2018-Drought	2018-Added
2018Q408LXX	2018-Q4-08LXX	2018	Q4	Winter	08LXX	Ambient	Ambient	Plate134	Bacteria	Litter	Grass	Block_3	2018-Ambient	2018-Ambient
2018Q408RXN	2018-Q4-08RXN	2018	Q4	Winter	08RXN	Ambient	Added	Plate134	Bacteria	Litter	Grass	Block_3	2018-Ambient	2018-Added
2018Q408RXN.2	2018-Q4-08RXN.2	2018	Q4	Winter	08RXN	Ambient	Added	Plate134	Bacteria	Litter	Grass	Block_3	2018-Ambient	2018-Added
2018Q414LRN	2018-Q4-14LRN	2018	Q4	Winter	14LRN	Drought	Added	Plate134	Bacteria	Litter	Grass	Block_6	2018-Drought	2018-Added
2018Q418RXX	2018-Q4-18RXX	2018	Q4	Winter	18RXX	Ambient	Ambient	Plate134	Bacteria	Litter	Grass	Block_6	2018-Ambient	2018-Ambient
2018Q420RRN	2018-Q4-20RRN	2018	Q4	Winter	20RRN	Drought	Added	Plate134	Bacteria	Litter	Grass	Block_8	2018-Drought	2018-Added
2019Q104LXX	2019-Q1-04LXX	2019	Q1	Spring	04LXX	Ambient	Ambient	Plate134	Bacteria	Litter	Grass	Block_2	2019-Ambient	2019-Ambient
2019Q105LRN	2019-Q1-05LRN	2019	Q1	Spring	05LRN	Drought	Added	Plate134	Bacteria	Litter	Grass	Block_2	2019-Drought	2019-Added
2019Q107LRX	2019-Q1-07LRX	2019	Q1	Spring	07LRX	Drought	Ambient	Plate134	Bacteria	Litter	Grass	Block_3	2019-Drought	2019-Ambient
2019Q107RRN	2019-Q1-07RRN	2019	Q1	Spring	07RRN	Drought	Added	Plate134	Bacteria	Litter	Grass	Block_3	2019-Drought	2019-Added
2019Q108RXN	2019-Q1-08RXN	2019	Q1	Spring	08RXN	Ambient	Added	Plate134	Bacteria	Litter	Grass	Block_3	2019-Ambient	2019-Added
2019Q114LRN	2019-Q1-14LRN	2019	Q1	Spring	14LRN	Drought	Added	Plate134	Bacteria	Litter	Grass	Block_6	2019-Drought	2019-Added
2019Q114RRX	2019-Q1-14RRX	2019	Q1	Spring	14RRX	Drought	Ambient	Plate134	Bacteria	Litter	Grass	Block_6	2019-Drought	2019-Ambient
2019Q118LXN	2019-Q1-18LXN	2019	Q1	Spring	18LXN	Ambient	Added	Plate134	Bacteria	Litter	Grass	Block_6	2019-Ambient	2019-Added
2019Q118RXX	2019-Q1-18RXX	2019	Q1	Spring	18RXX	Ambient	Ambient	Plate134	Bacteria	Litter	Grass	Block_6	2019-Ambient	2019-Ambient
2019Q120RRN	2019-Q1-20RRN	2019	Q1	Spring	20RRN	Drought	Added	Plate134	Bacteria	Litter	Grass	Block_8	2019-Drought	2019-Added
2019Q122RXN	2019-Q1-22RXN	2019	Q1	Spring	22RXN	Ambient	Added	Plate134	Bacteria	Litter	Grass	Block_8	2019-Ambient	2019-Added
2019Q204LXX	2019-Q2-04LXX	2019	Q2	Summer	04LXX	Ambient	Ambient	Plate134	Bacteria	Litter	Grass	Block_2	2019-Ambient	2019-Ambient
2019Q204RXN	2019-Q2-04RXN	2019	Q2	Summer	04RXN	Ambient	Added	Plate134	Bacteria	Litter	Grass	Block_2	2019-Ambient	2019-Added
2019Q205LRN	2019-Q2-05LRN	2019	Q2	Summer	05LRN	Drought	Added	Plate134	Bacteria	Litter	Grass	Block_2	2019-Drought	2019-Added
2019Q207LRX	2019-Q2-07LRX	2019	Q2	Summer	07LRX	Drought	Ambient	Plate134	Bacteria	Litter	Grass	Block_3	2019-Drought	2019-Ambient
2019Q207RRN	2019-Q2-07RRN	2019	Q2	Summer	07RRN	Drought	Added	Plate134	Bacteria	Litter	Grass	Block_3	2019-Drought	2019-Added
2019Q208LXX	2019-Q2-08LXX	2019	Q2	Summer	08LXX	Ambient	Ambient	Plate134	Bacteria	Litter	Grass	Block_3	2019-Ambient	2019-Ambient
2019Q208RXN	2019-Q2-08RXN	2019	Q2	Summer	08RXN	Ambient	Added	Plate134	Bacteria	Litter	Grass	Block_3	2019-Ambient	2019-Added
2019Q214LRN	2019-Q2-14LRN	2019	Q2	Summer	14LRN	Drought	Added	Plate134	Bacteria	Litter	Grass	Block_6	2019-Drought	2019-Added
2019Q214RRX	2019-Q2-14RRX	2019	Q2	Summer	14RRX	Drought	Ambient	Plate134	Bacteria	Litter	Grass	Block_6	2019-Drought	2019-Ambient
2019Q218LXN	2019-Q2-18LXN	2019	Q2	Summer	18LXN	Ambient	Added	Plate134	Bacteria	Litter	Grass	Block_6	2019-Ambient	2019-Added
2019Q218RXX	2019-Q2-18RXX	2019	Q2	Summer	18RXX	Ambient	Ambient	Plate134	Bacteria	Litter	Grass	Block_6	2019-Ambient	2019-Ambient
2019Q220RRN	2019-Q2-20RRN	2019	Q2	Summer	20RRN	Drought	Added	Plate134	Bacteria	Litter	Grass	Block_8	2019-Drought	2019-Added
2019Q222RXN	2019-Q2-22RXN	2019	Q2	Summer	22RXN	Ambient	Added	Plate134	Bacteria	Litter	Grass	Block_8	2019-Ambient	2019-Added
2019Q304LXX	2019-Q3-04LXX	2019	Q3	Fall	04LXX	Ambient	Ambient	Plate134	Bacteria	Litter	Grass	Block_2	2019-Ambient	2019-Ambient
2019Q305LRN	2019-Q3-05LRN	2019	Q3	Fall	05LRN	Drought	Added	Plate134	Bacteria	Litter	Grass	Block_2	2019-Drought	2019-Added
2019Q307RRN	2019-Q3-07RRN	2019	Q3	Fall	07RRN	Drought	Added	Plate134	Bacteria	Litter	Grass	Block_3	2019-Drought	2019-Added
2019Q308LXX	2019-Q3-08LXX	2019	Q3	Fall	08LXX	Ambient	Ambient	Plate134	Bacteria	Litter	Grass	Block_3	2019-Ambient	2019-Ambient
2019Q308RXN	2019-Q3-08RXN	2019	Q3	Fall	08RXN	Ambient	Added	Plate134	Bacteria	Litter	Grass	Block_3	2019-Ambient	2019-Added
2019Q314LRN	2019-Q3-14LRN	2019	Q3	Fall	14LRN	Drought	Added	Plate134	Bacteria	Litter	Grass	Block_6	2019-Drought	2019-Added
2019Q314RRX	2019-Q3-14RRX	2019	Q3	Fall	14RRX	Drought	Ambient	Plate134	Bacteria	Litter	Grass	Block_6	2019-Drought	2019-Ambient
2019Q318LXN	2019-Q3-18LXN	2019	Q3	Fall	18LXN	Ambient	Added	Plate134	Bacteria	Litter	Grass	Block_6	2019-Ambient	2019-Added
2019Q318RXX	2019-Q3-18RXX	2019	Q3	Fall	18RXX	Ambient	Ambient	Plate134	Bacteria	Litter	Grass	Block_6	2019-Ambient	2019-Ambient
2019Q322RXN	2019-Q3-22RXN	2019	Q3	Fall	22RXN	Ambient	Added	Plate134	Bacteria	Litter	Grass	Block_8	2019-Ambient	2019-Added
2019Q404LXX	2019-Q4-04LXX	2019	Q4	Winter	04LXX	Ambient	Ambient	Plate134	Bacteria	Litter	Grass	Block_2	2019-Ambient	2019-Ambient
2019Q404RXN	2019-Q4-04RXN	2019	Q4	Winter	04RXN	Ambient	Added	Plate134	Bacteria	Litter	Grass	Block_2	2019-Ambient	2019-Added
2019Q405LRN	2019-Q4-05LRN	2019	Q4	Winter	05LRN	Drought	Added	Plate134	Bacteria	Litter	Grass	Block_2	2019-Drought	2019-Added
2019Q405RRX	2019-Q4-05RRX	2019	Q4	Winter	05RRX	Drought	Ambient	Plate134	Bacteria	Litter	Grass	Block_2	2019-Drought	2019-Ambient
2019Q407LRX	2019-Q4-07LRX	2019	Q4	Winter	07LRX	Drought	Ambient	Plate134	Bacteria	Litter	Grass	Block_3	2019-Drought	2019-Ambient
2019Q407RRN	2019-Q4-07RRN	2019	Q4	Winter	07RRN	Drought	Added	Plate134	Bacteria	Litter	Grass	Block_3	2019-Drought	2019-Added
2019Q408LXX	2019-Q4-08LXX	2019	Q4	Winter	08LXX	Ambient	Ambient	Plate134	Bacteria	Litter	Grass	Block_3	2019-Ambient	2019-Ambient
2019Q408RXN	2019-Q4-08RXN	2019	Q4	Winter	08RXN	Ambient	Added	Plate134	Bacteria	Litter	Grass	Block_3	2019-Ambient	2019-Added
2019Q414LRN	2019-Q4-14LRN	2019	Q4	Winter	14LRN	Drought	Added	Plate134	Bacteria	Litter	Grass	Block_6	2019-Drought	2019-Added
2019Q414RRX	2019-Q4-14RRX	2019	Q4	Winter	14RRX	Drought	Ambient	Plate134	Bacteria	Litter	Grass	Block_6	2019-Drought	2019-Ambient
2019Q418LXN	2019-Q4-18LXN	2019	Q4	Winter	18LXN	Ambient	Added	Plate134	Bacteria	Litter	Grass	Block_6	2019-Ambient	2019-Added
2019Q418RXX	2019-Q4-18RXX	2019	Q4	Winter	18RXX	Ambient	Ambient	Plate134	Bacteria	Litter	Grass	Block_6	2019-Ambient	2019-Ambient
2019Q420LRX	2019-Q4-20LRX	2019	Q4	Winter	20LRX	Drought	Ambient	Plate134	Bacteria	Litter	Grass	Block_8	2019-Drought	2019-Ambient
2019Q420RRN	2019-Q4-20RRN	2019	Q4	Winter	20RRN	Drought	Added	Plate134	Bacteria	Litter	Grass	Block_8	2019-Drought	2019-Added
2019Q422LXX	2019-Q4-22LXX	2019	Q4	Winter	22LXX	Ambient	Ambient	Plate134	Bacteria	Litter	Grass	Block_8	2019-Ambient	2019-Ambient
2019Q422RXN	2019-Q4-22RXN	2019	Q4	Winter	22RXN	Ambient	Added	Plate134	Bacteria	Litter	Grass	Block_8	2019-Ambient	2019-Added
2020Q104LXX	2020-Q1-04LXX	2020	Q1	Spring	04LXX	Ambient	Ambient	Plate134	Bacteria	Litter	Grass	Block_2	2020-Ambient	2020-Ambient
2020Q104RXN	2020-Q1-04RXN	2020	Q1	Spring	04RXN	Ambient	Added	Plate134	Bacteria	Litter	Grass	Block_2	2020-Ambient	2020-Added
2020Q105LRN	2020-Q1-05LRN	2020	Q1	Spring	05LRN	Drought	Added	Plate134	Bacteria	Litter	Grass	Block_2	2020-Drought	2020-Added
2020Q105RRX	2020-Q1-05RRX	2020	Q1	Spring	05RRX	Drought	Ambient	Plate134	Bacteria	Litter	Grass	Block_2	2020-Drought	2020-Ambient
2020Q107LRX	2020-Q1-07LRX	2020	Q1	Spring	07LRX	Drought	Ambient	Plate134	Bacteria	Litter	Grass	Block_3	2020-Drought	2020-Ambient
2020Q107RRN	2020-Q1-07RRN	2020	Q1	Spring	07RRN	Drought	Added	Plate134	Bacteria	Litter	Grass	Block_3	2020-Drought	2020-Added
2020Q108LXX	2020-Q1-08LXX	2020	Q1	Spring	08LXX	Ambient	Ambient	Plate134	Bacteria	Litter	Grass	Block_3	2020-Ambient	2020-Ambient
2020Q108RXN	2020-Q1-08RXN	2020	Q1	Spring	08RXN	Ambient	Added	Plate134	Bacteria	Litter	Grass	Block_3	2020-Ambient	2020-Added
2020Q114LRN	2020-Q1-14LRN	2020	Q1	Spring	14LRN	Drought	Added	Plate134	Bacteria	Litter	Grass	Block_6	2020-Drought	2020-Added
2020Q114RRX	2020-Q1-14RRX	2020	Q1	Spring	14RRX	Drought	Ambient	Plate134	Bacteria	Litter	Grass	Block_6	2020-Drought	2020-Ambient
2020Q118LXN	2020-Q1-18LXN	2020	Q1	Spring	18LXN	Ambient	Added	Plate134	Bacteria	Litter	Grass	Block_6	2020-Ambient	2020-Added
2020Q118RXX	2020-Q1-18RXX	2020	Q1	Spring	18RXX	Ambient	Ambient	Plate134	Bacteria	Litter	Grass	Block_6	2020-Ambient	2020-Ambient
2020Q120LRX	2020-Q1-20LRX	2020	Q1	Spring	20LRX	Drought	Ambient	Plate134	Bacteria	Litter	Grass	Block_8	2020-Drought	2020-Ambient
2020Q120RRN	2020-Q1-20RRN	2020	Q1	Spring	20RRN	Drought	Added	Plate134	Bacteria	Litter	Grass	Block_8	2020-Drought	2020-Added
2020Q122LXX	2020-Q1-22LXX	2020	Q1	Spring	22LXX	Ambient	Ambient	Plate134	Bacteria	Litter	Grass	Block_8	2020-Ambient	2020-Ambient
2020Q122RXN	2020-Q1-22RXN	2020	Q1	Spring	22RXN	Ambient	Added	Plate134	Bacteria	Litter	Grass	Block_8	2020-Ambient	2020-Added
2020Q204LXX	2020-Q2-04LXX	2020	Q2	Summer	04LXX	Ambient	Ambient	Plate134	Bacteria	Litter	Grass	Block_2	2020-Ambient	2020-Ambient
2020Q204RXN	2020-Q2-04RXN	2020	Q2	Summer	04RXN	Ambient	Added	Plate134	Bacteria	Litter	Grass	Block_2	2020-Ambient	2020-Added
2020Q205LRN	2020-Q2-05LRN	2020	Q2	Summer	05LRN	Drought	Added	Plate134	Bacteria	Litter	Grass	Block_2	2020-Drought	2020-Added
2020Q205RRX	2020-Q2-05RRX	2020	Q2	Summer	05RRX	Drought	Ambient	Plate134	Bacteria	Litter	Grass	Block_2	2020-Drought	2020-Ambient
2020Q207LRX	2020-Q2-07LRX	2020	Q2	Summer	07LRX	Drought	Ambient	Plate134	Bacteria	Litter	Grass	Block_3	2020-Drought	2020-Ambient
2020Q207RRN	2020-Q2-07RRN	2020	Q2	Summer	07RRN	Drought	Added	Plate134	Bacteria	Litter	Grass	Block_3	2020-Drought	2020-Added
2020Q208LXX	2020-Q2-08LXX	2020	Q2	Summer	08LXX	Ambient	Ambient	Plate134	Bacteria	Litter	Grass	Block_3	2020-Ambient	2020-Ambient
2020Q214RRX	2020-Q2-14RRX	2020	Q2	Summer	14RRX	Drought	Ambient	Plate134	Bacteria	Litter	Grass	Block_6	2020-Drought	2020-Ambient
2020Q218LXN	2020-Q2-18LXN	2020	Q2	Summer	18LXN	Ambient	Added	Plate134	Bacteria	Litter	Grass	Block_6	2020-Ambient	2020-Added
2020Q220LRX	2020-Q2-20LRX	2020	Q2	Summer	20LRX	Drought	Ambient	Plate134	Bacteria	Litter	Grass	Block_8	2020-Drought	2020-Ambient
2020Q220RRN	2020-Q2-20RRN	2020	Q2	Summer	20RRN	Drought	Added	Plate134	Bacteria	Litter	Grass	Block_8	2020-Drought	2020-Added
2020Q222LXX	2020-Q2-22LXX	2020	Q2	Summer	22LXX	Ambient	Ambient	Plate134	Bacteria	Litter	Grass	Block_8	2020-Ambient	2020-Ambient
2020Q222RXN	2020-Q2-22RXN	2020	Q2	Summer	22RXN	Ambient	Added	Plate134	Bacteria	Litter	Grass	Block_8	2020-Ambient	2020-Added
2020Q307RRN	2020-Q3-07RRN	2020	Q3	Fall	07RRN	Drought	Added	Plate134	Bacteria	Litter	Grass	Block_3	2020-Drought	2020-Added
2020Q308RXN	2020-Q3-08RXN	2020	Q3	Fall	08RXN	Ambient	Added	Plate134	Bacteria	Litter	Grass	Block_3	2020-Ambient	2020-Added
2020Q314LRN	2020-Q3-14LRN	2020	Q3	Fall	14LRN	Drought	Added	Plate134	Bacteria	Litter	Grass	Block_6	2020-Drought	2020-Added
2020Q318LXN	2020-Q3-18LXN	2020	Q3	Fall	18LXN	Ambient	Added	Plate134	Bacteria	Litter	Grass	Block_6	2020-Ambient	2020-Added
2020Q320RRN	2020-Q3-20RRN	2020	Q3	Fall	20RRN	Drought	Added	Plate134	Bacteria	Litter	Grass	Block_8	2020-Drought	2020-Added
2020Q322RXN	2020-Q3-22RXN	2020	Q3	Fall	22RXN	Ambient	Added	Plate134	Bacteria	Litter	Grass	Block_8	2020-Ambient	2020-Added
2020Q404RXN	2020-Q4-04RXN	2020	Q4	Winter	04RXN	Ambient	Added	Plate134	Bacteria	Litter	Grass	Block_2	2020-Ambient	2020-Added
2020Q407RRN	2020-Q4-07RRN	2020	Q4	Winter	07RRN	Drought	Added	Plate134	Bacteria	Litter	Grass	Block_3	2020-Drought	2020-Added
2020Q408RXN	2020-Q4-08RXN	2020	Q4	Winter	08RXN	Ambient	Added	Plate134	Bacteria	Litter	Grass	Block_3	2020-Ambient	2020-Added
2020Q418LXN	2020-Q4-18LXN	2020	Q4	Winter	18LXN	Ambient	Added	Plate134	Bacteria	Litter	Grass	Block_6	2020-Ambient	2020-Added
2020Q420RRN	2020-Q4-20RRN	2020	Q4	Winter	20RRN	Drought	Added	Plate134	Bacteria	Litter	Grass	Block_8	2020-Drought	2020-Added
2020Q422RXN	2020-Q4-22RXN	2020	Q4	Winter	22RXN	Ambient	Added	Plate134	Bacteria	Litter	Grass	Block_8	2020-Ambient	2020-Added
2021Q104RXN	2021-Q1-04RXN	2021	Q1	Spring	04RXN	Ambient	Added	Plate134	Bacteria	Litter	Grass	Block_2	2021-Ambient	2021-Added
2021Q105LRN	2021-Q1-05LRN	2021	Q1	Spring	05LRN	Drought	Added	Plate134	Bacteria	Litter	Grass	Block_2	2021-Drought	2021-Added
2021Q107RRN	2021-Q1-07RRN	2021	Q1	Spring	07RRN	Drought	Added	Plate134	Bacteria	Litter	Grass	Block_3	2021-Drought	2021-Added
2021Q108RXN	2021-Q1-08RXN	2021	Q1	Spring	08RXN	Ambient	Added	Plate134	Bacteria	Litter	Grass	Block_3	2021-Ambient	2021-Added
2021Q114LRN	2021-Q1-14LRN	2021	Q1	Spring	14LRN	Drought	Added	Plate134	Bacteria	Litter	Grass	Block_6	2021-Drought	2021-Added
2021Q118LXN	2021-Q1-18LXN	2021	Q1	Spring	18LXN	Ambient	Added	Plate134	Bacteria	Litter	Grass	Block_6	2021-Ambient	2021-Added
2021Q120RRN	2021-Q1-20RRN	2021	Q1	Spring	20RRN	Drought	Added	Plate134	Bacteria	Litter	Grass	Block_8	2021-Drought	2021-Added
2021Q122RXN	2021-Q1-22RXN	2021	Q1	Spring	22RXN	Ambient	Added	Plate134	Bacteria	Litter	Grass	Block_8	2021-Ambient	2021-Added
2021Q204LXX	2021-Q2-04LXX	2021	Q2	Summer	04LXX	Ambient	Ambient	Plate134	Bacteria	Litter	Grass	Block_2	2021-Ambient	2021-Ambient
2021Q204RXN	2021-Q2-04RXN	2021	Q2	Summer	04RXN	Ambient	Added	Plate134	Bacteria	Litter	Grass	Block_2	2021-Ambient	2021-Added
2021Q205LRN	2021-Q2-05LRN	2021	Q2	Summer	05LRN	Drought	Added	Plate134	Bacteria	Litter	Grass	Block_2	2021-Drought	2021-Added
2021Q205RRX	2021-Q2-05RRX	2021	Q2	Summer	05RRX	Drought	Ambient	Plate134	Bacteria	Litter	Grass	Block_2	2021-Drought	2021-Ambient
2021Q207LRX	2021-Q2-07LRX	2021	Q2	Summer	07LRX	Drought	Ambient	Plate134	Bacteria	Litter	Grass	Block_3	2021-Drought	2021-Ambient
2021Q207RRN	2021-Q2-07RRN	2021	Q2	Summer	07RRN	Drought	Added	Plate134	Bacteria	Litter	Grass	Block_3	2021-Drought	2021-Added
2021Q208LXX	2021-Q2-08LXX	2021	Q2	Summer	08LXX	Ambient	Ambient	Plate134	Bacteria	Litter	Grass	Block_3	2021-Ambient	2021-Ambient
2021Q208RXN	2021-Q2-08RXN	2021	Q2	Summer	08RXN	Ambient	Added	Plate134	Bacteria	Litter	Grass	Block_3	2021-Ambient	2021-Added
2021Q214LRN	2021-Q2-14LRN	2021	Q2	Summer	14LRN	Drought	Added	Plate134	Bacteria	Litter	Grass	Block_6	2021-Drought	2021-Added
2021Q214RRX	2021-Q2-14RRX	2021	Q2	Summer	14RRX	Drought	Ambient	Plate134	Bacteria	Litter	Grass	Block_6	2021-Drought	2021-Ambient
2021Q218LXN	2021-Q2-18LXN	2021	Q2	Summer	18LXN	Ambient	Added	Plate134	Bacteria	Litter	Grass	Block_6	2021-Ambient	2021-Added
2021Q218RXX	2021-Q2-18RXX	2021	Q2	Summer	18RXX	Ambient	Ambient	Plate134	Bacteria	Litter	Grass	Block_6	2021-Ambient	2021-Ambient
2021Q220LRX	2021-Q2-20LRX	2021	Q2	Summer	20LRX	Drought	Ambient	Plate134	Bacteria	Litter	Grass	Block_8	2021-Drought	2021-Ambient
2021Q220RRN	2021-Q2-20RRN	2021	Q2	Summer	20RRN	Drought	Added	Plate134	Bacteria	Litter	Grass	Block_8	2021-Drought	2021-Added
2021Q222LXX	2021-Q2-22LXX	2021	Q2	Summer	22LXX	Ambient	Ambient	Plate134	Bacteria	Litter	Grass	Block_8	2021-Ambient	2021-Ambient
2021Q222RXN	2021-Q2-22RXN	2021	Q2	Summer	22RXN	Ambient	Added	Plate134	Bacteria	Litter	Grass	Block_8	2021-Ambient	2021-Added
2021Q304LXX	2021-Q3-04LXX	2021	Q3	Fall	04LXX	Ambient	Ambient	Plate134	Bacteria	Litter	Grass	Block_2	2021-Ambient	2021-Ambient
2021Q304RXN	2021-Q3-04RXN	2021	Q3	Fall	04RXN	Ambient	Added	Plate134	Bacteria	Litter	Grass	Block_2	2021-Ambient	2021-Added
2021Q305LRN	2021-Q3-05LRN	2021	Q3	Fall	05LRN	Drought	Added	Plate134	Bacteria	Litter	Grass	Block_2	2021-Drought	2021-Added
2021Q305RRX	2021-Q3-05RRX	2021	Q3	Fall	05RRX	Drought	Ambient	Plate134	Bacteria	Litter	Grass	Block_2	2021-Drought	2021-Ambient
2021Q307LRX	2021-Q3-07LRX	2021	Q3	Fall	07LRX	Drought	Ambient	Plate134	Bacteria	Litter	Grass	Block_3	2021-Drought	2021-Ambient
2021Q307RRN	2021-Q3-07RRN	2021	Q3	Fall	07RRN	Drought	Added	Plate134	Bacteria	Litter	Grass	Block_3	2021-Drought	2021-Added
2021Q308LXX	2021-Q3-08LXX	2021	Q3	Fall	08LXX	Ambient	Ambient	Plate134	Bacteria	Litter	Grass	Block_3	2021-Ambient	2021-Ambient
2021Q308RXN	2021-Q3-08RXN	2021	Q3	Fall	08RXN	Ambient	Added	Plate134	Bacteria	Litter	Grass	Block_3	2021-Ambient	2021-Added
2021Q314LRN	2021-Q3-14LRN	2021	Q3	Fall	14LRN	Drought	Added	Plate134	Bacteria	Litter	Grass	Block_6	2021-Drought	2021-Added
2021Q314RRX	2021-Q3-14RRX	2021	Q3	Fall	14RRX	Drought	Ambient	Plate134	Bacteria	Litter	Grass	Block_6	2021-Drought	2021-Ambient
2021Q318LXN	2021-Q3-18LXN	2021	Q3	Fall	18LXN	Ambient	Added	Plate134	Bacteria	Litter	Grass	Block_6	2021-Ambient	2021-Added
2021Q318RXX	2021-Q3-18RXX	2021	Q3	Fall	18RXX	Ambient	Ambient	Plate134	Bacteria	Litter	Grass	Block_6	2021-Ambient	2021-Ambient
2021Q320LRX	2021-Q3-20LRX	2021	Q3	Fall	20LRX	Drought	Ambient	Plate134	Bacteria	Litter	Grass	Block_8	2021-Drought	2021-Ambient
2021Q320RRN	2021-Q3-20RRN	2021	Q3	Fall	20RRN	Drought	Added	Plate134	Bacteria	Litter	Grass	Block_8	2021-Drought	2021-Added
2021Q322LXX	2021-Q3-22LXX	2021	Q3	Fall	22LXX	Ambient	Ambient	Plate134	Bacteria	Litter	Grass	Block_8	2021-Ambient	2021-Ambient
2021Q322RXN	2021-Q3-22RXN	2021	Q3	Fall	22RXN	Ambient	Added	Plate134	Bacteria	Litter	Grass	Block_8	2021-Ambient	2021-Added
2021Q404LXX	2021-Q4-04LXX	2021	Q4	Winter	04LXX	Ambient	Ambient	Plate134	Bacteria	Litter	Grass	Block_2	2021-Ambient	2021-Ambient
2021Q404RXN	2021-Q4-04RXN	2021	Q4	Winter	04RXN	Ambient	Added	Plate134	Bacteria	Litter	Grass	Block_2	2021-Ambient	2021-Added
2021Q405LRN	2021-Q4-05LRN	2021	Q4	Winter	05LRN	Drought	Added	Plate134	Bacteria	Litter	Grass	Block_2	2021-Drought	2021-Added
2021Q405RRX	2021-Q4-05RRX	2021	Q4	Winter	05RRX	Drought	Ambient	Plate134	Bacteria	Litter	Grass	Block_2	2021-Drought	2021-Ambient
2021Q407LRX	2021-Q4-07LRX	2021	Q4	Winter	07LRX	Drought	Ambient	Plate134	Bacteria	Litter	Grass	Block_3	2021-Drought	2021-Ambient
2021Q407RRN	2021-Q4-07RRN	2021	Q4	Winter	07RRN	Drought	Added	Plate134	Bacteria	Litter	Grass	Block_3	2021-Drought	2021-Added
2021Q408LXX	2021-Q4-08LXX	2021	Q4	Winter	08LXX	Ambient	Ambient	Plate134	Bacteria	Litter	Grass	Block_3	2021-Ambient	2021-Ambient
2021Q408RXN	2021-Q4-08RXN	2021	Q4	Winter	08RXN	Ambient	Added	Plate134	Bacteria	Litter	Grass	Block_3	2021-Ambient	2021-Added
2021Q414LRN	2021-Q4-14LRN	2021	Q4	Winter	14LRN	Drought	Added	Plate134	Bacteria	Litter	Grass	Block_6	2021-Drought	2021-Added
2021Q414RRX	2021-Q4-14RRX	2021	Q4	Winter	14RRX	Drought	Ambient	Plate134	Bacteria	Litter	Grass	Block_6	2021-Drought	2021-Ambient
2021Q418LXN	2021-Q4-18LXN	2021	Q4	Winter	18LXN	Ambient	Added	Plate134	Bacteria	Litter	Grass	Block_6	2021-Ambient	2021-Added
2021Q418RXX	2021-Q4-18RXX	2021	Q4	Winter	18RXX	Ambient	Ambient	Plate134	Bacteria	Litter	Grass	Block_6	2021-Ambient	2021-Ambient
2021Q420LRX	2021-Q4-20LRX	2021	Q4	Winter	20LRX	Drought	Ambient	Plate134	Bacteria	Litter	Grass	Block_8	2021-Drought	2021-Ambient
2021Q420RRN	2021-Q4-20RRN	2021	Q4	Winter	20RRN	Drought	Added	Plate134	Bacteria	Litter	Grass	Block_8	2021-Drought	2021-Added
2021Q422LXX	2021-Q4-22LXX	2021	Q4	Winter	22LXX	Ambient	Ambient	Plate134	Bacteria	Litter	Grass	Block_8	2021-Ambient	2021-Ambient
2021Q422RXN	2021-Q4-22RXN	2021	Q4	Winter	22RXN	Ambient	Added	Plate134	Bacteria	Litter	Grass	Block_8	2021-Ambient	2021-Added
2022Q104RXN	2022-Q1-04RXN	2022	Q1	Spring	04RXN	Ambient	Added	Plate134	Bacteria	Litter	Grass	Block_2	2022-Ambient	2022-Added
2022Q105LRN	2022-Q1-05LRN	2022	Q1	Spring	05LRN	Drought	Added	Plate134	Bacteria	Litter	Grass	Block_2	2022-Drought	2022-Added
2022Q105RRX	2022-Q1-05RRX	2022	Q1	Spring	05RRX	Drought	Ambient	Plate134	Bacteria	Litter	Grass	Block_2	2022-Drought	2022-Ambient
2022Q107LRX	2022-Q1-07LRX	2022	Q1	Spring	07LRX	Drought	Ambient	Plate134	Bacteria	Litter	Grass	Block_3	2022-Drought	2022-Ambient
2022Q108LXX	2022-Q1-08LXX	2022	Q1	Spring	08LXX	Ambient	Ambient	Plate134	Bacteria	Litter	Grass	Block_3	2022-Ambient	2022-Ambient
2022Q108RXN	2022-Q1-08RXN	2022	Q1	Spring	08RXN	Ambient	Added	Plate134	Bacteria	Litter	Grass	Block_3	2022-Ambient	2022-Added
2022Q114LRN	2022-Q1-14LRN	2022	Q1	Spring	14LRN	Drought	Added	Plate134	Bacteria	Litter	Grass	Block_6	2022-Drought	2022-Added
2022Q114RRX	2022-Q1-14RRX	2022	Q1	Spring	14RRX	Drought	Ambient	Plate134	Bacteria	Litter	Grass	Block_6	2022-Drought	2022-Ambient
2022Q118LXN	2022-Q1-18LXN	2022	Q1	Spring	18LXN	Ambient	Added	Plate134	Bacteria	Litter	Grass	Block_6	2022-Ambient	2022-Added
2022Q118RXX	2022-Q1-18RXX	2022	Q1	Spring	18RXX	Ambient	Ambient	Plate134	Bacteria	Litter	Grass	Block_6	2022-Ambient	2022-Ambient
2022Q120LRX	2022-Q1-20LRX	2022	Q1	Spring	20LRX	Drought	Ambient	Plate134	Bacteria	Litter	Grass	Block_8	2022-Drought	2022-Ambient
2022Q120RRN	2022-Q1-20RRN	2022	Q1	Spring	20RRN	Drought	Added	Plate134	Bacteria	Litter	Grass	Block_8	2022-Drought	2022-Added
2022Q122LXX	2022-Q1-22LXX	2022	Q1	Spring	22LXX	Ambient	Ambient	Plate134	Bacteria	Litter	Grass	Block_8	2022-Ambient	2022-Ambient
2022Q204LXX	2022-Q2-04LXX	2022	Q2	Summer	04LXX	Ambient	Ambient	Plate134	Bacteria	Litter	Grass	Block_2	2022-Ambient	2022-Ambient
2022Q207LRX	2022-Q2-07LRX	2022	Q2	Summer	07LRX	Drought	Ambient	Plate134	Bacteria	Litter	Grass	Block_3	2022-Drought	2022-Ambient
2022Q207RRN	2022-Q2-07RRN	2022	Q2	Summer	07RRN	Drought	Added	Plate134	Bacteria	Litter	Grass	Block_3	2022-Drought	2022-Added
2022Q208LXX	2022-Q2-08LXX	2022	Q2	Summer	08LXX	Ambient	Ambient	Plate134	Bacteria	Litter	Grass	Block_3	2022-Ambient	2022-Ambient
2022Q208RXN	2022-Q2-08RXN	2022	Q2	Summer	08RXN	Ambient	Added	Plate134	Bacteria	Litter	Grass	Block_3	2022-Ambient	2022-Added
2022Q218LXN	2022-Q2-18LXN	2022	Q2	Summer	18LXN	Ambient	Added	Plate134	Bacteria	Litter	Grass	Block_6	2022-Ambient	2022-Added
2022Q218RXX	2022-Q2-18RXX	2022	Q2	Summer	18RXX	Ambient	Ambient	Plate134	Bacteria	Litter	Grass	Block_6	2022-Ambient	2022-Ambient
2022Q220RRN	2022-Q2-20RRN	2022	Q2	Summer	20RRN	Drought	Added	Plate134	Bacteria	Litter	Grass	Block_8	2022-Drought	2022-Added
2022Q222LXX	2022-Q2-22LXX	2022	Q2	Summer	22LXX	Ambient	Ambient	Plate134	Bacteria	Litter	Grass	Block_8	2022-Ambient	2022-Ambient
2022Q222RXN	2022-Q2-22RXN	2022	Q2	Summer	22RXN	Ambient	Added	Plate134	Bacteria	Litter	Grass	Block_8	2022-Ambient	2022-Added
2022Q304LXX	2022-Q3-04LXX	2022	Q3	Fall	04LXX	Ambient	Ambient	Plate134	Bacteria	Litter	Grass	Block_2	2022-Ambient	2022-Ambient
2022Q304RXN	2022-Q3-04RXN	2022	Q3	Fall	04RXN	Ambient	Added	Plate134	Bacteria	Litter	Grass	Block_2	2022-Ambient	2022-Added
2022Q305LRN	2022-Q3-05LRN	2022	Q3	Fall	05LRN	Drought	Added	Plate134	Bacteria	Litter	Grass	Block_2	2022-Drought	2022-Added
2022Q305RRX	2022-Q3-05RRX	2022	Q3	Fall	05RRX	Drought	Ambient	Plate134	Bacteria	Litter	Grass	Block_2	2022-Drought	2022-Ambient
2022Q307LRX	2022-Q3-07LRX	2022	Q3	Fall	07LRX	Drought	Ambient	Plate134	Bacteria	Litter	Grass	Block_3	2022-Drought	2022-Ambient
2022Q307RRN	2022-Q3-07RRN	2022	Q3	Fall	07RRN	Drought	Added	Plate134	Bacteria	Litter	Grass	Block_3	2022-Drought	2022-Added
2022Q314LRN	2022-Q3-14LRN	2022	Q3	Fall	14LRN	Drought	Added	Plate134	Bacteria	Litter	Grass	Block_6	2022-Drought	2022-Added
2022Q314RRX	2022-Q3-14RRX	2022	Q3	Fall	14RRX	Drought	Ambient	Plate134	Bacteria	Litter	Grass	Block_6	2022-Drought	2022-Ambient
2022Q318LXN	2022-Q3-18LXN	2022	Q3	Fall	18LXN	Ambient	Added	Plate134	Bacteria	Litter	Grass	Block_6	2022-Ambient	2022-Added
2022Q318RXX	2022-Q3-18RXX	2022	Q3	Fall	18RXX	Ambient	Ambient	Plate134	Bacteria	Litter	Grass	Block_6	2022-Ambient	2022-Ambient
2022Q320LRX	2022-Q3-20LRX	2022	Q3	Fall	20LRX	Drought	Ambient	Plate134	Bacteria	Litter	Grass	Block_8	2022-Drought	2022-Ambient
2022Q320RRN	2022-Q3-20RRN	2022	Q3	Fall	20RRN	Drought	Added	Plate134	Bacteria	Litter	Grass	Block_8	2022-Drought	2022-Added
2022Q322LXX	2022-Q3-22LXX	2022	Q3	Fall	22LXX	Ambient	Ambient	Plate134	Bacteria	Litter	Grass	Block_8	2022-Ambient	2022-Ambient
2022Q322RXN	2022-Q3-22RXN	2022	Q3	Fall	22RXN	Ambient	Added	Plate134	Bacteria	Litter	Grass	Block_8	2022-Ambient	2022-Added
2022Q404RXN	2022-Q4-04RXN	2022	Q4	Winter	04RXN	Ambient	Added	Plate134	Bacteria	Litter	Grass	Block_2	2022-Ambient	2022-Added
2022Q405LRN	2022-Q4-05LRN	2022	Q4	Winter	05LRN	Drought	Added	Plate134	Bacteria	Litter	Grass	Block_2	2022-Drought	2022-Added
2022Q405RRX	2022-Q4-05RRX	2022	Q4	Winter	05RRX	Drought	Ambient	Plate134	Bacteria	Litter	Grass	Block_2	2022-Drought	2022-Ambient
2022Q407LRX	2022-Q4-07LRX	2022	Q4	Winter	07LRX	Drought	Ambient	Plate134	Bacteria	Litter	Grass	Block_3	2022-Drought	2022-Ambient
2022Q407RRN	2022-Q4-07RRN	2022	Q4	Winter	07RRN	Drought	Added	Plate134	Bacteria	Litter	Grass	Block_3	2022-Drought	2022-Added
2022Q408LXX	2022-Q4-08LXX	2022	Q4	Winter	08LXX	Ambient	Ambient	Plate134	Bacteria	Litter	Grass	Block_3	2022-Ambient	2022-Ambient
2022Q408RXN	2022-Q4-08RXN	2022	Q4	Winter	08RXN	Ambient	Added	Plate134	Bacteria	Litter	Grass	Block_3	2022-Ambient	2022-Added
2022Q418LXN	2022-Q4-18LXN	2022	Q4	Winter	18LXN	Ambient	Added	Plate134	Bacteria	Litter	Grass	Block_6	2022-Ambient	2022-Added
2022Q420LRX	2022-Q4-20LRX	2022	Q4	Winter	20LRX	Drought	Ambient	Plate134	Bacteria	Litter	Grass	Block_8	2022-Drought	2022-Ambient
2022Q420RRN	2022-Q4-20RRN	2022	Q4	Winter	20RRN	Drought	Added	Plate134	Bacteria	Litter	Grass	Block_8	2022-Drought	2022-Added
2022Q422LXX	2022-Q4-22LXX	2022	Q4	Winter	22LXX	Ambient	Ambient	Plate134	Bacteria	Litter	Grass	Block_8	2022-Ambient	2022-Ambient
2022Q422RXN	2022-Q4-22RXN	2022	Q4	Winter	22RXN	Ambient	Added	Plate134	Bacteria	Litter	Grass	Block_8	2022-Ambient	2022-Added
14LRNDecember201616S	14LRNDecember201616S	2016	Q4	Winter	14LRN	Drought	Added	Sarai	Bacteria	Litter	Grass	Block_6	2016-Drought	2016-Added
14LRNDecember201716S	14LRNDecember201716S	2017	Q4	Winter	14LRN	Drought	Added	Sarai	Bacteria	Litter	Grass	Block_6	2017-Drought	2017-Added
14LRNJune201716S	14LRNJune201716S	2017	Q2	Summer	14LRN	Drought	Added	Sarai	Bacteria	Litter	Grass	Block_6	2017-Drought	2017-Added
14LRNMarch201716S	14LRNMarch201716S	2017	Q1	Spring	14LRN	Drought	Added	Sarai	Bacteria	Litter	Grass	Block_6	2017-Drought	2017-Added
14LRNMarch201816S	14LRNMarch201816S	2018	Q1	Spring	14LRN	Drought	Added	Sarai	Bacteria	Litter	Grass	Block_6	2018-Drought	2018-Added
14LRNSeptember201716S	14LRNSeptember201716S	2017	Q3	Fall	14LRN	Drought	Added	Sarai	Bacteria	Litter	Grass	Block_6	2017-Drought	2017-Added
14RRXAugust201616S	14RRXAugust201616S	2016	Q3	Fall	14RRX	Drought	Ambient	Sarai	Bacteria	Litter	Grass	Block_6	2016-Drought	2016-Ambient
14RRXDecember201616S	14RRXDecember201616S	2016	Q4	Winter	14RRX	Drought	Ambient	Sarai	Bacteria	Litter	Grass	Block_6	2016-Drought	2016-Ambient
14RRXDecember201716S	14RRXDecember201716S	2017	Q4	Winter	14RRX	Drought	Ambient	Sarai	Bacteria	Litter	Grass	Block_6	2017-Drought	2017-Ambient
14RRXJune201716S	14RRXJune201716S	2017	Q2	Summer	14RRX	Drought	Ambient	Sarai	Bacteria	Litter	Grass	Block_6	2017-Drought	2017-Ambient
14RRXMarch201716S	14RRXMarch201716S	2017	Q1	Spring	14RRX	Drought	Ambient	Sarai	Bacteria	Litter	Grass	Block_6	2017-Drought	2017-Ambient
14RRXMarch201816S	14RRXMarch201816S	2018	Q1	Spring	14RRX	Drought	Ambient	Sarai	Bacteria	Litter	Grass	Block_6	2018-Drought	2018-Ambient
14RRXSeptember201716S	14RRXSeptember201716S	2017	Q3	Fall	14RRX	Drought	Ambient	Sarai	Bacteria	Litter	Grass	Block_6	2017-Drought	2017-Ambient
18LXNAugust201616S	18LXNAugust201616S	2016	Q3	Fall	18LXN	Ambient	Added	Sarai	Bacteria	Litter	Grass	Block_6	2016-Ambient	2016-Added
18LXNDecember201616S	18LXNDecember201616S	2016	Q4	Winter	18LXN	Ambient	Added	Sarai	Bacteria	Litter	Grass	Block_6	2016-Ambient	2016-Added
18LXNDecember201716S	18LXNDecember201716S	2017	Q4	Winter	18LXN	Ambient	Added	Sarai	Bacteria	Litter	Grass	Block_6	2017-Ambient	2017-Added
18LXNJune201716S	18LXNJune201716S	2017	Q2	Summer	18LXN	Ambient	Added	Sarai	Bacteria	Litter	Grass	Block_6	2017-Ambient	2017-Added
18LXNMarch201716S	18LXNMarch201716S	2017	Q1	Spring	18LXN	Ambient	Added	Sarai	Bacteria	Litter	Grass	Block_6	2017-Ambient	2017-Added
18LXNMarch201816S	18LXNMarch201816S	2018	Q1	Spring	18LXN	Ambient	Added	Sarai	Bacteria	Litter	Grass	Block_6	2018-Ambient	2018-Added
18LXNSeptember201716S	18LXNSeptember201716S	2017	Q3	Fall	18LXN	Ambient	Added	Sarai	Bacteria	Litter	Grass	Block_6	2017-Ambient	2017-Added
18RXXAugust201616S	18RXXAugust201616S	2016	Q3	Fall	18RXX	Ambient	Ambient	Sarai	Bacteria	Litter	Grass	Block_6	2016-Ambient	2016-Ambient
18RXXDecember201616S	18RXXDecember201616S	2016	Q4	Winter	18RXX	Ambient	Ambient	Sarai	Bacteria	Litter	Grass	Block_6	2016-Ambient	2016-Ambient
18RXXDecember201716S	18RXXDecember201716S	2017	Q4	Winter	18RXX	Ambient	Ambient	Sarai	Bacteria	Litter	Grass	Block_6	2017-Ambient	2017-Ambient
18RXXJune201716S	18RXXJune201716S	2017	Q2	Summer	18RXX	Ambient	Ambient	Sarai	Bacteria	Litter	Grass	Block_6	2017-Ambient	2017-Ambient
18RXXMarch201716S	18RXXMarch201716S	2017	Q1	Spring	18RXX	Ambient	Ambient	Sarai	Bacteria	Litter	Grass	Block_6	2017-Ambient	2017-Ambient
18RXXMarch201816S	18RXXMarch201816S	2018	Q1	Spring	18RXX	Ambient	Ambient	Sarai	Bacteria	Litter	Grass	Block_6	2018-Ambient	2018-Ambient
18RXXSeptember201716S	18RXXSeptember201716S	2017	Q3	Fall	18RXX	Ambient	Ambient	Sarai	Bacteria	Litter	Grass	Block_6	2017-Ambient	2017-Ambient
20LRXAugust201616S	20LRXAugust201616S	2016	Q3	Fall	20LRX	Drought	Ambient	Sarai	Bacteria	Litter	Grass	Block_8	2016-Drought	2016-Ambient
20LRXDecember201616S	20LRXDecember201616S	2016	Q4	Winter	20LRX	Drought	Ambient	Sarai	Bacteria	Litter	Grass	Block_8	2016-Drought	2016-Ambient
20LRXDecember201716S	20LRXDecember201716S	2017	Q4	Winter	20LRX	Drought	Ambient	Sarai	Bacteria	Litter	Grass	Block_8	2017-Drought	2017-Ambient
20LRXJune201716S	20LRXJune201716S	2017	Q2	Summer	20LRX	Drought	Ambient	Sarai	Bacteria	Litter	Grass	Block_8	2017-Drought	2017-Ambient
20LRXMarch201716S	20LRXMarch201716S	2017	Q1	Spring	20LRX	Drought	Ambient	Sarai	Bacteria	Litter	Grass	Block_8	2017-Drought	2017-Ambient
20LRXMarch201816S	20LRXMarch201816S	2018	Q1	Spring	20LRX	Drought	Ambient	Sarai	Bacteria	Litter	Grass	Block_8	2018-Drought	2018-Ambient
20LRXSeptember201716S	20LRXSeptember201716S	2017	Q3	Fall	20LRX	Drought	Ambient	Sarai	Bacteria	Litter	Grass	Block_8	2017-Drought	2017-Ambient
20RRNDecember201616S	20RRNDecember201616S	2016	Q4	Winter	20RRN	Drought	Added	Sarai	Bacteria	Litter	Grass	Block_8	2016-Drought	2016-Added
20RRNDecember201716S	20RRNDecember201716S	2017	Q4	Winter	20RRN	Drought	Added	Sarai	Bacteria	Litter	Grass	Block_8	2017-Drought	2017-Added
20RRNJune201716S	20RRNJune201716S	2017	Q2	Summer	20RRN	Drought	Added	Sarai	Bacteria	Litter	Grass	Block_8	2017-Drought	2017-Added
20RRNMarch201716S	20RRNMarch201716S	2017	Q1	Spring	20RRN	Drought	Added	Sarai	Bacteria	Litter	Grass	Block_8	2017-Drought	2017-Added
20RRNMarch201816S	20RRNMarch201816S	2018	Q1	Spring	20RRN	Drought	Added	Sarai	Bacteria	Litter	Grass	Block_8	2018-Drought	2018-Added
20RRNSeptember201716S	20RRNSeptember201716S	2017	Q3	Fall	20RRN	Drought	Added	Sarai	Bacteria	Litter	Grass	Block_8	2017-Drought	2017-Added
22LXXAugust201616S	22LXXAugust201616S	2016	Q3	Fall	22LXX	Ambient	Ambient	Sarai	Bacteria	Litter	Grass	Block_8	2016-Ambient	2016-Ambient
22LXXDecember201616S	22LXXDecember201616S	2016	Q4	Winter	22LXX	Ambient	Ambient	Sarai	Bacteria	Litter	Grass	Block_8	2016-Ambient	2016-Ambient
22LXXDecember201716S	22LXXDecember201716S	2017	Q4	Winter	22LXX	Ambient	Ambient	Sarai	Bacteria	Litter	Grass	Block_8	2017-Ambient	2017-Ambient
22LXXJune201716S	22LXXJune201716S	2017	Q2	Summer	22LXX	Ambient	Ambient	Sarai	Bacteria	Litter	Grass	Block_8	2017-Ambient	2017-Ambient
22LXXMarch201716S	22LXXMarch201716S	2017	Q1	Spring	22LXX	Ambient	Ambient	Sarai	Bacteria	Litter	Grass	Block_8	2017-Ambient	2017-Ambient
22LXXMarch201816S	22LXXMarch201816S	2018	Q1	Spring	22LXX	Ambient	Ambient	Sarai	Bacteria	Litter	Grass	Block_8	2018-Ambient	2018-Ambient
22RXNAugust201616S	22RXNAugust201616S	2016	Q3	Fall	22RXN	Ambient	Added	Sarai	Bacteria	Litter	Grass	Block_8	2016-Ambient	2016-Added
22RXNDecember201616S	22RXNDecember201616S	2016	Q4	Winter	22RXN	Ambient	Added	Sarai	Bacteria	Litter	Grass	Block_8	2016-Ambient	2016-Added
22RXNDecember201716S	22RXNDecember201716S	2017	Q4	Winter	22RXN	Ambient	Added	Sarai	Bacteria	Litter	Grass	Block_8	2017-Ambient	2017-Added
22RXNJune201716S	22RXNJune201716S	2017	Q2	Summer	22RXN	Ambient	Added	Sarai	Bacteria	Litter	Grass	Block_8	2017-Ambient	2017-Added
22RXNMarch201716S	22RXNMarch201716S	2017	Q1	Spring	22RXN	Ambient	Added	Sarai	Bacteria	Litter	Grass	Block_8	2017-Ambient	2017-Added
22RXNMarch201816S	22RXNMarch201816S	2018	Q1	Spring	22RXN	Ambient	Added	Sarai	Bacteria	Litter	Grass	Block_8	2018-Ambient	2018-Added
4LXXAugust201616S	4LXXAugust201616S	2016	Q3	Fall	04LXX	Ambient	Ambient	Sarai	Bacteria	Litter	Grass	Block_2	2016-Ambient	2016-Ambient
4LXXDecember201616S	4LXXDecember201616S	2016	Q4	Winter	04LXX	Ambient	Ambient	Sarai	Bacteria	Litter	Grass	Block_2	2016-Ambient	2016-Ambient
4LXXDecember201716S	4LXXDecember201716S	2017	Q4	Winter	04LXX	Ambient	Ambient	Sarai	Bacteria	Litter	Grass	Block_2	2017-Ambient	2017-Ambient
4LXXJune201716S	4LXXJune201716S	2017	Q2	Summer	04LXX	Ambient	Ambient	Sarai	Bacteria	Litter	Grass	Block_2	2017-Ambient	2017-Ambient
4LXXMarch201716S	4LXXMarch201716S	2017	Q1	Spring	04LXX	Ambient	Ambient	Sarai	Bacteria	Litter	Grass	Block_2	2017-Ambient	2017-Ambient
4LXXMarch201816S	4LXXMarch201816S	2018	Q1	Spring	04LXX	Ambient	Ambient	Sarai	Bacteria	Litter	Grass	Block_2	2018-Ambient	2018-Ambient
4LXXSeptember201716S	4LXXSeptember201716S	2017	Q3	Fall	04LXX	Ambient	Ambient	Sarai	Bacteria	Litter	Grass	Block_2	2017-Ambient	2017-Ambient
4RXNAugust201616S	4RXNAugust201616S	2016	Q3	Fall	04RXN	Ambient	Added	Sarai	Bacteria	Litter	Grass	Block_2	2016-Ambient	2016-Added
4RXNDecember201616S	4RXNDecember201616S	2016	Q4	Winter	04RXN	Ambient	Added	Sarai	Bacteria	Litter	Grass	Block_2	2016-Ambient	2016-Added
4RXNDecember201716S	4RXNDecember201716S	2017	Q4	Winter	04RXN	Ambient	Added	Sarai	Bacteria	Litter	Grass	Block_2	2017-Ambient	2017-Added
4RXNJune201716S	4RXNJune201716S	2017	Q2	Summer	04RXN	Ambient	Added	Sarai	Bacteria	Litter	Grass	Block_2	2017-Ambient	2017-Added
4RXNMarch201716S	4RXNMarch201716S	2017	Q1	Spring	04RXN	Ambient	Added	Sarai	Bacteria	Litter	Grass	Block_2	2017-Ambient	2017-Added
4RXNMarch201816S	4RXNMarch201816S	2018	Q1	Spring	04RXN	Ambient	Added	Sarai	Bacteria	Litter	Grass	Block_2	2018-Ambient	2018-Added
4RXNSeptember201716S	4RXNSeptember201716S	2017	Q3	Fall	04RXN	Ambient	Added	Sarai	Bacteria	Litter	Grass	Block_2	2017-Ambient	2017-Added
5LRNDecember201616S	5LRNDecember201616S	2016	Q4	Winter	05LRN	Drought	Added	Sarai	Bacteria	Litter	Grass	Block_2	2016-Drought	2016-Added
5LRNDecember201716S	5LRNDecember201716S	2017	Q4	Winter	05LRN	Drought	Added	Sarai	Bacteria	Litter	Grass	Block_2	2017-Drought	2017-Added
5LRNJune201716S	5LRNJune201716S	2017	Q2	Summer	05LRN	Drought	Added	Sarai	Bacteria	Litter	Grass	Block_2	2017-Drought	2017-Added
5LRNMarch201716S	5LRNMarch201716S	2017	Q1	Spring	05LRN	Drought	Added	Sarai	Bacteria	Litter	Grass	Block_2	2017-Drought	2017-Added
5LRNMarch201816S	5LRNMarch201816S	2018	Q1	Spring	05LRN	Drought	Added	Sarai	Bacteria	Litter	Grass	Block_2	2018-Drought	2018-Added
5LRNSeptember201716S	5LRNSeptember201716S	2017	Q3	Fall	05LRN	Drought	Added	Sarai	Bacteria	Litter	Grass	Block_2	2017-Drought	2017-Added
5RRXAugust201616S	5RRXAugust201616S	2016	Q3	Fall	05RRX	Drought	Ambient	Sarai	Bacteria	Litter	Grass	Block_2	2016-Drought	2016-Ambient
5RRXDecember201616S	5RRXDecember201616S	2016	Q4	Winter	05RRX	Drought	Ambient	Sarai	Bacteria	Litter	Grass	Block_2	2016-Drought	2016-Ambient
5RRXDecember201716S	5RRXDecember201716S	2017	Q4	Winter	05RRX	Drought	Ambient	Sarai	Bacteria	Litter	Grass	Block_2	2017-Drought	2017-Ambient
5RRXJune201716S	5RRXJune201716S	2017	Q2	Summer	05RRX	Drought	Ambient	Sarai	Bacteria	Litter	Grass	Block_2	2017-Drought	2017-Ambient
5RRXMarch201716S	5RRXMarch201716S	2017	Q1	Spring	05RRX	Drought	Ambient	Sarai	Bacteria	Litter	Grass	Block_2	2017-Drought	2017-Ambient
5RRXMarch201816S	5RRXMarch201816S	2018	Q1	Spring	05RRX	Drought	Ambient	Sarai	Bacteria	Litter	Grass	Block_2	2018-Drought	2018-Ambient
5RRXSeptember201716S	5RRXSeptember201716S	2017	Q3	Fall	05RRX	Drought	Ambient	Sarai	Bacteria	Litter	Grass	Block_2	2017-Drought	2017-Ambient
7LRXAugust201616S	7LRXAugust201616S	2016	Q3	Fall	07LRX	Drought	Ambient	Sarai	Bacteria	Litter	Grass	Block_3	2016-Drought	2016-Ambient
7LRXDecember201616S	7LRXDecember201616S	2016	Q4	Winter	07LRX	Drought	Ambient	Sarai	Bacteria	Litter	Grass	Block_3	2016-Drought	2016-Ambient
7LRXDecember201716S	7LRXDecember201716S	2017	Q4	Winter	07LRX	Drought	Ambient	Sarai	Bacteria	Litter	Grass	Block_3	2017-Drought	2017-Ambient
7LRXJune201716S	7LRXJune201716S	2017	Q2	Summer	07LRX	Drought	Ambient	Sarai	Bacteria	Litter	Grass	Block_3	2017-Drought	2017-Ambient
7LRXMarch201716S	7LRXMarch201716S	2017	Q1	Spring	07LRX	Drought	Ambient	Sarai	Bacteria	Litter	Grass	Block_3	2017-Drought	2017-Ambient
7LRXMarch201816S	7LRXMarch201816S	2018	Q1	Spring	07LRX	Drought	Ambient	Sarai	Bacteria	Litter	Grass	Block_3	2018-Drought	2018-Ambient
7LRXSeptember201716S	7LRXSeptember201716S	2017	Q3	Fall	07LRX	Drought	Ambient	Sarai	Bacteria	Litter	Grass	Block_3	2017-Drought	2017-Ambient
7RRNDecember201616S	7RRNDecember201616S	2016	Q4	Winter	07RRN	Drought	Added	Sarai	Bacteria	Litter	Grass	Block_3	2016-Drought	2016-Added
7RRNDecember201716S	7RRNDecember201716S	2017	Q4	Winter	07RRN	Drought	Added	Sarai	Bacteria	Litter	Grass	Block_3	2017-Drought	2017-Added
7RRNJune201716S	7RRNJune201716S	2017	Q2	Summer	07RRN	Drought	Added	Sarai	Bacteria	Litter	Grass	Block_3	2017-Drought	2017-Added
7RRNMarch201716S	7RRNMarch201716S	2017	Q1	Spring	07RRN	Drought	Added	Sarai	Bacteria	Litter	Grass	Block_3	2017-Drought	2017-Added
7RRNMarch201816S	7RRNMarch201816S	2018	Q1	Spring	07RRN	Drought	Added	Sarai	Bacteria	Litter	Grass	Block_3	2018-Drought	2018-Added
7RRNSeptember201716S	7RRNSeptember201716S	2017	Q3	Fall	07RRN	Drought	Added	Sarai	Bacteria	Litter	Grass	Block_3	2017-Drought	2017-Added
8LXXAugust201616S	8LXXAugust201616S	2016	Q3	Fall	08LXX	Ambient	Ambient	Sarai	Bacteria	Litter	Grass	Block_3	2016-Ambient	2016-Ambient
8LXXDecember201616S	8LXXDecember201616S	2016	Q4	Winter	08LXX	Ambient	Ambient	Sarai	Bacteria	Litter	Grass	Block_3	2016-Ambient	2016-Ambient
8LXXDecember201716S	8LXXDecember201716S	2017	Q4	Winter	08LXX	Ambient	Ambient	Sarai	Bacteria	Litter	Grass	Block_3	2017-Ambient	2017-Ambient
8LXXJune201716S	8LXXJune201716S	2017	Q2	Summer	08LXX	Ambient	Ambient	Sarai	Bacteria	Litter	Grass	Block_3	2017-Ambient	2017-Ambient
8LXXMarch201716S	8LXXMarch201716S	2017	Q1	Spring	08LXX	Ambient	Ambient	Sarai	Bacteria	Litter	Grass	Block_3	2017-Ambient	2017-Ambient
8LXXMarch201816S	8LXXMarch201816S	2018	Q1	Spring	08LXX	Ambient	Ambient	Sarai	Bacteria	Litter	Grass	Block_3	2018-Ambient	2018-Ambient
8LXXSeptember201716S	8LXXSeptember201716S	2017	Q3	Fall	08LXX	Ambient	Ambient	Sarai	Bacteria	Litter	Grass	Block_3	2017-Ambient	2017-Ambient
8RXNAugust201616S	8RXNAugust201616S	2016	Q3	Fall	08RXN	Ambient	Added	Sarai	Bacteria	Litter	Grass	Block_3	2016-Ambient	2016-Added
8RXNDecember201616S	8RXNDecember201616S	2016	Q4	Winter	08RXN	Ambient	Added	Sarai	Bacteria	Litter	Grass	Block_3	2016-Ambient	2016-Added
8RXNDecember201716S	8RXNDecember201716S	2017	Q4	Winter	08RXN	Ambient	Added	Sarai	Bacteria	Litter	Grass	Block_3	2017-Ambient	2017-Added
8RXNJune201716S	8RXNJune201716S	2017	Q2	Summer	08RXN	Ambient	Added	Sarai	Bacteria	Litter	Grass	Block_3	2017-Ambient	2017-Added
8RXNMarch201716S	8RXNMarch201716S	2017	Q1	Spring	08RXN	Ambient	Added	Sarai	Bacteria	Litter	Grass	Block_3	2017-Ambient	2017-Added
8RXNMarch201816S	8RXNMarch201816S	2018	Q1	Spring	08RXN	Ambient	Added	Sarai	Bacteria	Litter	Grass	Block_3	2018-Ambient	2018-Added
8RXNSeptember201716S	8RXNSeptember201716S	2017	Q3	Fall	08RXN	Ambient	Added	Sarai	Bacteria	Litter	Grass	Block_3	2017-Ambient	2017-Added
22LXXSeptember201716S	22LXXSeptember201716S	2017	Q3	Fall	22LXX	Ambient	Ambient	Sarai	Bacteria	Litter	Grass	Block_8	2017-Ambient	2017-Ambient
22RXNSeptember201716S	22RXNSeptember201716S	2017	Q3	Fall	22RXN	Ambient	Added	Sarai	Bacteria	Litter	Grass	Block_8	2017-Ambient	2017-Added